experiment,controller,L,k,boundary,alpha,beta,initial_mode,engine,kinetic_kind,n,temporal_null,coverage,abs_order,deadlock_rate,on_sample_frontier,on_null_sample_frontier,null_dominators,eligible_null_count,best_eligible_null,best_eligible_null_coverage,excess_over_eligible_null_means,match_metric,match_candidate_value,match_candidate_se,match_candidate_ci_low,match_candidate_ci_high,matched_null,matched_null_p,matched_null_value,matching_distance,matched_null_se,matched_null_ci_low,matched_null_ci_high,matching_outside_null_range,interpretation
large_size,alternating,1024,4,periodic,1,1,fair,event,sampled-actual,64,1,0.8103801608085631,0.00221365866112093,0,1,1,,1,alternating,0.8103801608085631,0,accepted_lag1,-0.22617045721465923,0.0002601106419552965,-0.2266902468560196,-0.22565066757329885,alternating,1,-0.22617045721465923,0,0.0002601106419552965,-0.2266902468560196,-0.22565066757329885,0,Exploratory point-mean frontier/matching only; retain all points; no continuum dominance or post-selection p-value
large_size,fair,1024,4,periodic,0.5,0.5,fair,event,sampled-actual,64,1,0.8103514909744263,0.003307550527909445,0,0,0,alternating,2,alternating,0.8103801608085631,-0.00002866983413685187,accepted_lag1,0.00008679377496049326,0.0002976249372584367,-0.0005079622036282304,0.000681549753549217,fair,0.5,0.00008679377496049326,0,0.0002976249372584367,-0.0005079622036282304,0.000681549753549217,0,Exploratory point-mean frontier/matching only; retain all points; no continuum dominance or post-selection p-value
large_size,policy41,1024,4,periodic,0,1,fair,event,sampled-actual,64,0,0.8104102015495299,0.03748832605936445,0,1,,,2,alternating,0.8103801608085631,0.000030040740966796875,accepted_lag1,0.2272958704194235,0.00032181624074576506,0.22665277197829964,0.22793896886054738,fair,0.5,0.00008679377496049326,0.22720907664446302,0.0002976249372584367,-0.0005079622036282304,0.000681549753549217,1,Exploratory point-mean frontier/matching only; retain all points; no continuum dominance or post-selection p-value
large_size,alternating,1024,8,periodic,1,1,fair,event,sampled-actual,64,1,0.7475552558898925,0.004109044731154522,0,1,1,,1,alternating,0.7475552558898925,0,accepted_lag1,-0.16957608845938255,0.0003595374370050863,-0.1702945666963038,-0.1688576102224613,alternating,1,-0.16957608845938255,0,0.0003595374370050863,-0.1702945666963038,-0.1688576102224613,0,Exploratory point-mean frontier/matching only; retain all points; no continuum dominance or post-selection p-value
large_size,fair,1024,8,periodic,0.5,0.5,fair,event,sampled-actual,64,1,0.7477034330368043,0.00777579621120592,0,1,1,,2,fair,0.7477034330368043,0,accepted_lag1,0.0005253102690531437,0.0004366523607972489,-0.0003472698465153899,0.0013978903846216771,fair,0.5,0.0005253102690531437,0,0.0004366523607972489,-0.0003472698465153899,0.0013978903846216771,0,Exploratory point-mean frontier/matching only; retain all points; no continuum dominance or post-selection p-value
large_size,policy41,1024,8,periodic,0,1,fair,event,sampled-actual,64,0,0.7479799985885619,0.18972097449808054,0,1,,,2,fair,0.7477034330368043,0.00027656555175759046,accepted_lag1,0.20317485711740924,0.0037131839524109428,0.19575465108346907,0.2105950631513494,fair,0.5,0.0005253102690531437,0.2026495468483561,0.0004366523607972489,-0.0003472698465153899,0.0013978903846216771,1,Exploratory point-mean frontier/matching only; retain all points; no continuum dominance or post-selection p-value
large_size,alternating,128,4,periodic,1,1,fair,event,sampled-actual,128,1,0.8096485137939452,0.017365449196951373,0,1,1,,1,alternating,0.8096485137939452,0,accepted_lag1,-0.22509639938866366,0.0014909512344407237,-0.22804672281666427,-0.22214607596066305,alternating,1,-0.22509639938866366,0,0.0014909512344407237,-0.22804672281666427,-0.22214607596066305,0,Exploratory point-mean frontier/matching only; retain all points; no continuum dominance or post-selection p-value
large_size,fair,128,4,periodic,0.5,0.5,fair,event,sampled-actual,128,1,0.8105678558349609,0.021995064732369264,0,1,1,,2,fair,0.8105678558349609,0,accepted_lag1,-0.0032282911691818867,0.0015278855493396268,-0.0062517009410053195,-0.0002048813973584535,fair,0.5,-0.0032282911691818867,0,0.0015278855493396268,-0.0062517009410053195,-0.0002048813973584535,0,Exploratory point-mean frontier/matching only; retain all points; no continuum dominance or post-selection p-value
large_size,policy41,128,4,periodic,0,1,fair,event,sampled-actual,128,0,0.8104572296142577,0.11817703739842218,0,0,,fair,2,fair,0.8105678558349609,-0.00011062622070323602,accepted_lag1,0.2363525346258387,0.0017900505386768992,0.2328103476517995,0.23989472159987787,fair,0.5,-0.0032282911691818867,0.23958082579502057,0.0015278855493396268,-0.0062517009410053195,-0.0002048813973584535,1,Exploratory point-mean frontier/matching only; retain all points; no continuum dominance or post-selection p-value
large_size,alternating,128,8,periodic,1,1,fair,event,sampled-actual,128,1,0.748058319091797,0.03973188652402599,0,1,1,,1,alternating,0.748058319091797,0,accepted_lag1,-0.1697822591197467,0.0022720731364769746,-0.1742782818264809,-0.16528623641301252,alternating,1,-0.1697822591197467,0,0.0022720731364769746,-0.1742782818264809,-0.16528623641301252,0,Exploratory point-mean frontier/matching only; retain all points; no continuum dominance or post-selection p-value
large_size,fair,128,8,periodic,0.5,0.5,fair,event,sampled-actual,128,1,0.7479209899902344,0.06272072515925949,0,0,0,alternating,2,alternating,0.748058319091797,-0.00013732910156261102,accepted_lag1,0.004506735945510501,0.0023631555444008846,-0.00016952240929129364,0.009182994300312296,fair,0.5,0.004506735945510501,0,0.0023631555444008846,-0.00016952240929129364,0.009182994300312296,0,Exploratory point-mean frontier/matching only; retain all points; no continuum dominance or post-selection p-value
large_size,policy41,128,8,periodic,0,1,fair,event,sampled-actual,128,0,0.749828338623047,0.3795779371991794,0,1,,,2,alternating,0.748058319091797,0.00177001953125,accepted_lag1,0.3086943960429979,0.009763015873813851,0.28937514951428117,0.32801364257171467,fair,0.5,0.004506735945510501,0.30418766009748743,0.0023631555444008846,-0.00016952240929129364,0.009182994300312296,1,Exploratory point-mean frontier/matching only; retain all points; no continuum dominance or post-selection p-value
large_size,alternating,2048,4,periodic,1,1,fair,event,sampled-actual,64,1,0.8103789687156677,0.001163098712461506,0,1,1,,1,alternating,0.8103789687156677,0,accepted_lag1,-0.22625225332301138,0.00012741457672826178,-0.22650687103739559,-0.22599763560862718,alternating,1,-0.22625225332301138,0,0.00012741457672826178,-0.22650687103739559,-0.22599763560862718,0,Exploratory point-mean frontier/matching only; retain all points; no continuum dominance or post-selection p-value
large_size,fair,2048,4,periodic,0.5,0.5,fair,event,sampled-actual,64,1,0.8103725016117097,0.0016937801382611462,0,0,0,alternating,2,alternating,0.8103789687156677,-0.0000064671039580188605,accepted_lag1,0.00004193364758921758,0.0001456663490676881,-0.0002491573234337209,0.00033302461861215604,fair,0.5,0.00004193364758921758,0,0.0001456663490676881,-0.0002491573234337209,0.00033302461861215604,0,Exploratory point-mean frontier/matching only; retain all points; no continuum dominance or post-selection p-value
large_size,policy41,2048,4,periodic,0,1,fair,event,sampled-actual,64,0,0.8103448301553727,0.022913489688374797,0,0,,alternating;fair,2,alternating,0.8103789687156677,-0.00003413856029499396,accepted_lag1,0.22671885110455428,0.00013787075691642676,0.22644333838138017,0.2269943638277284,fair,0.5,0.00004193364758921758,0.22667691745696505,0.0001456663490676881,-0.0002491573234337209,0.00033302461861215604,1,Exploratory point-mean frontier/matching only; retain all points; no continuum dominance or post-selection p-value
large_size,alternating,2048,8,periodic,1,1,fair,event,sampled-actual,64,1,0.7477752864360809,0.0026273991336730517,0,1,1,,1,alternating,0.7477752864360809,0,accepted_lag1,-0.16976798054715947,0.00019015875683471245,-0.17014798250045762,-0.16938797859386132,alternating,1,-0.16976798054715947,0,0.00019015875683471245,-0.17014798250045762,-0.16938797859386132,0,Exploratory point-mean frontier/matching only; retain all points; no continuum dominance or post-selection p-value
large_size,fair,2048,8,periodic,0.5,0.5,fair,event,sampled-actual,64,1,0.7477619946002959,0.0027375232330063785,0,0,0,alternating,2,alternating,0.7477752864360809,-0.000013291835785023132,accepted_lag1,0.0001242774969621285,0.00021733631639070253,-0.00031003447544352585,0.0005585894693677829,fair,0.5,0.0001242774969621285,0,0.00021733631639070253,-0.00031003447544352585,0.0005585894693677829,0,Exploratory point-mean frontier/matching only; retain all points; no continuum dominance or post-selection p-value
large_size,policy41,2048,8,periodic,0,1,fair,event,sampled-actual,64,0,0.7478595972061156,0.14845736266279203,0,1,,,2,alternating,0.7477752864360809,0.00008431077003467902,accepted_lag1,0.19120504530245344,0.0022059798340546984,0.18679674636407878,0.1956133442408281,fair,0.5,0.0001242774969621285,0.19108076780549133,0.00021733631639070253,-0.00031003447544352585,0.0005585894693677829,1,Exploratory point-mean frontier/matching only; retain all points; no continuum dominance or post-selection p-value
large_size,alternating,256,4,periodic,1,1,fair,event,sampled-actual,128,1,0.8105201721191404,0.008147019834025052,0,1,1,,1,alternating,0.8105201721191404,0,accepted_lag1,-0.22629883398522146,0.0007287480517254089,-0.22774089486585233,-0.2248567731045906,alternating,1,-0.22629883398522146,0,0.0007287480517254089,-0.22774089486585233,-0.2248567731045906,0,Exploratory point-mean frontier/matching only; retain all points; no continuum dominance or post-selection p-value
large_size,fair,256,4,periodic,0.5,0.5,fair,event,sampled-actual,128,1,0.8103966712951659,0.011042433853233134,0,0,0,alternating,2,alternating,0.8105201721191404,-0.00012350082397449835,accepted_lag1,-0.00021654242258884848,0.0008214607875052593,-0.0018420650758966344,0.0014089802307189372,fair,0.5,-0.00021654242258884848,0,0.0008214607875052593,-0.0018420650758966344,0.0014089802307189372,0,Exploratory point-mean frontier/matching only; retain all points; no continuum dominance or post-selection p-value
large_size,policy41,256,4,periodic,0,1,fair,event,sampled-actual,128,0,0.8102736473083498,0.08117708305881662,0,0,,alternating;fair,2,alternating,0.8105201721191404,-0.00024652481079057154,accepted_lag1,0.23084156408091094,0.0008280076967420106,0.22920308627571354,0.23248004188610835,fair,0.5,-0.00021654242258884848,0.23105810650349978,0.0008214607875052593,-0.0018420650758966344,0.0014089802307189372,1,Exploratory point-mean frontier/matching only; retain all points; no continuum dominance or post-selection p-value
large_size,alternating,256,8,periodic,1,1,fair,event,sampled-actual,128,1,0.7479743957519532,0.019284114288126986,0,1,1,,1,alternating,0.7479743957519532,0,accepted_lag1,-0.16835823013434978,0.001152389304235217,-0.17063860060115305,-0.1660778596675465,alternating,1,-0.16835823013434978,0,0.001152389304235217,-0.17063860060115305,-0.1660778596675465,0,Exploratory point-mean frontier/matching only; retain all points; no continuum dominance or post-selection p-value
large_size,fair,256,8,periodic,0.5,0.5,fair,event,sampled-actual,128,1,0.7476844787597655,0.030674186056844747,0,0,0,alternating,2,alternating,0.7479743957519532,-0.00028991699218772204,accepted_lag1,0.00033868830829189345,0.0012467267941805337,-0.0021283590264699935,0.0028057356430537805,fair,0.5,0.00033868830829189345,0,0.0012467267941805337,-0.0021283590264699935,0.0028057356430537805,0,Exploratory point-mean frontier/matching only; retain all points; no continuum dominance or post-selection p-value
large_size,policy41,256,8,periodic,0,1,fair,event,sampled-actual,128,0,0.7483358383178709,0.32658473570106467,0,1,,,2,alternating,0.7479743957519532,0.0003614425659176357,accepted_lag1,0.26195481449408603,0.0053650817935466605,0.25133828583573736,0.2725713431524347,fair,0.5,0.00033868830829189345,0.26161612618579416,0.0012467267941805337,-0.0021283590264699935,0.0028057356430537805,1,Exploratory point-mean frontier/matching only; retain all points; no continuum dominance or post-selection p-value
large_size,alternating,512,4,periodic,1,1,fair,event,sampled-actual,128,1,0.810323119163513,0.00459944340474411,0,1,1,,1,alternating,0.810323119163513,0,accepted_lag1,-0.22680197631416518,0.00038265904294692584,-0.22755918950347925,-0.2260447631248511,alternating,1,-0.22680197631416518,0,0.00038265904294692584,-0.22755918950347925,-0.2260447631248511,0,Exploratory point-mean frontier/matching only; retain all points; no continuum dominance or post-selection p-value
large_size,fair,512,4,periodic,0.5,0.5,fair,event,sampled-actual,128,1,0.8103997707366943,0.006046184626784018,0,1,1,,2,fair,0.8103997707366943,0,accepted_lag1,0.00021602888821920736,0.0003663717520746105,-0.0005089546917493375,0.0009410124681877522,fair,0.5,0.00021602888821920736,0,0.0003663717520746105,-0.0005089546917493375,0.0009410124681877522,0,Exploratory point-mean frontier/matching only; retain all points; no continuum dominance or post-selection p-value
large_size,policy41,512,4,periodic,0,1,fair,event,sampled-actual,128,0,0.8102483749389651,0.05113045572219594,0,0,,alternating;fair,2,fair,0.8103997707366943,-0.00015139579772927014,accepted_lag1,0.22896229231648962,0.000429282584007746,0.2281128195533474,0.22981176507963186,fair,0.5,0.00021602888821920736,0.22874626342827042,0.0003663717520746105,-0.0005089546917493375,0.0009410124681877522,1,Exploratory point-mean frontier/matching only; retain all points; no continuum dominance or post-selection p-value
large_size,alternating,512,8,periodic,1,1,fair,event,sampled-actual,128,1,0.7478342056274413,0.01032159139443524,0,1,1,,1,alternating,0.7478342056274413,0,accepted_lag1,-0.16878600113892897,0.000524604375389739,-0.16982409852494076,-0.16774790375291718,alternating,1,-0.16878600113892897,0,0.000524604375389739,-0.16982409852494076,-0.16774790375291718,0,Exploratory point-mean frontier/matching only; retain all points; no continuum dominance or post-selection p-value
large_size,fair,512,8,periodic,0.5,0.5,fair,event,sampled-actual,128,1,0.7475731372833251,0.013646746910304172,0,0,0,alternating,2,alternating,0.7478342056274413,-0.00026106834411621094,accepted_lag1,0.0009303922830075222,0.0005370497055722666,-0.00013233216548528745,0.0019931167315003317,fair,0.5,0.0009303922830075222,0,0.0005370497055722666,-0.00013233216548528745,0.0019931167315003317,0,Exploratory point-mean frontier/matching only; retain all points; no continuum dominance or post-selection p-value
large_size,policy41,512,8,periodic,0,1,fair,event,sampled-actual,128,0,0.7479801177978518,0.2557237720741765,0,1,,,2,alternating,0.7478342056274413,0.00014591217041048932,accepted_lag1,0.2307420342776122,0.0045877767174661984,0.2216636520882352,0.23982041646698918,fair,0.5,0.0009303922830075222,0.2298116419946047,0.0005370497055722666,-0.00013233216548528745,0.0019931167315003317,1,Exploratory point-mean frontier/matching only; retain all points; no continuum dominance or post-selection p-value
