kind,experiment,L,k,boundary,controller,baseline,metric,n,mean,sd,se,ciLow,ciHigh,min,max,missingA,missingB,method,pRaw,simultaneousCiLow,simultaneousCiHigh,onlyA,onlyB,degenerateNonzeroDifference,complete,familySize,pHolm,rejectAtAlpha,alpha,inference,threshold,observedIsotropic,simultaneousUpper
paired-effect,confirmation,64,2,periodic,33,random-0.5,coverage,512,-0.002449989318847658,0.005673802361398899,0.000250749007803588,-0.00294261513806087,-0.001957363499634446,-0.01904296875,0.013671875,0,0,"paired Student-t, two-sided",8.68995147481716e-21,-0.0032560440691871825,-0.0016439345685081335,,,false,true,36,2.6938849571933197e-19,true,0.05,locked holdout only; pointwise CI is not multiplicity-adjusted,,,
paired-effect,confirmation,64,2,periodic,33,35,coverage,512,-0.0021696090698242183,0.0058801354602718734,0.00025986772864085766,-0.002680149685039954,-0.0016590684546084825,-0.0244140625,0.01513671875,0,0,"paired Student-t, two-sided",6.500284358630196e-16,-0.0030049767507004752,-0.0013342413889479612,,,false,true,36,1.6900739332438508e-14,true,0.05,locked holdout only; pointwise CI is not multiplicity-adjusted,,,
paired-effect,confirmation,64,2,periodic,41,random-0.5,coverage,512,-0.0001516342163085937,0.005460117002467295,0.00024130535990728682,-0.0006257068822231074,0.00032243844960591996,-0.01708984375,0.0166015625,0,0,"paired Student-t, two-sided",0.5300283164423916,-0.0009273315294880476,0.0006240630968708603,,,false,true,36,1,false,0.05,locked holdout only; pointwise CI is not multiplicity-adjusted,,,
paired-effect,confirmation,64,2,periodic,41,35,coverage,512,0.00012874603271484383,0.005666831420447278,0.0002504409328274541,-0.0003632745370944865,0.0006207666025241742,-0.02001953125,0.015625,0,0,"paired Student-t, two-sided",0.6074200854645309,-0.0006763183835047227,0.0009338104489344105,,,false,true,36,1,false,0.05,locked holdout only; pointwise CI is not multiplicity-adjusted,,,
paired-effect,confirmation,64,2,periodic,43,random-0.5,coverage,512,-0.002343177795410156,0.0056396319656467,0.000249238875394075,-0.002832836782483639,-0.0018535188083366725,-0.01806640625,0.013671875,0,0,"paired Student-t, two-sided",1.8034045775150115e-19,-0.0031443780922346216,-0.0015419774985856902,,,false,true,36,5.229873274793534e-18,true,0.05,locked holdout only; pointwise CI is not multiplicity-adjusted,,,
paired-effect,confirmation,64,2,periodic,43,35,coverage,512,-0.0020627975463867188,0.005744019323747368,0.0002538521884430207,-0.002561519927728163,-0.0015640751650452746,-0.01806640625,0.013671875,0,0,"paired Student-t, two-sided",3.364920627704267e-15,-0.0028788277439572674,-0.0012467673488161701,,,false,true,36,8.075809506490241e-14,true,0.05,locked holdout only; pointwise CI is not multiplicity-adjusted,,,
isotropy-upper-bound,confirmation,64,2,periodic,33,,abs_order,512,0.36762791829609814,0.023632267279184625,0.0010444085279952755,0.36557605531484977,0.3696797812773465,0.29764453961456105,0.44623655913978494,,,one-sided Student-t: H0 mean(|S|) >= threshold,1,,,,,,true,36,1,false,0.05,locked holdout only; pointwise CI is not multiplicity-adjusted,0.1,false,0.37076734769782577
isotropy-upper-bound,confirmation,64,2,periodic,41,,abs_order,512,0.05686685320224355,0.03914096185146733,0.001729802471708532,0.053468453475095115,0.060265252929391985,0,0.17735849056603772,,,one-sided Student-t: H0 mean(|S|) >= threshold,1.1077623269314863e-90,,,,,,true,36,3.9879443769533506e-89,true,0.05,locked holdout only; pointwise CI is not multiplicity-adjusted,0.1,true,0.06206653569553652
isotropy-upper-bound,confirmation,64,2,periodic,43,,abs_order,512,0.36552701902290397,0.02443030449808354,0.0010796771235654428,0.363405866751391,0.3676481712944169,0.2897696839850027,0.4443847393874261,,,one-sided Student-t: H0 mean(|S|) >= threshold,1,,,,,,true,36,1,false,0.05,locked holdout only; pointwise CI is not multiplicity-adjusted,0.1,false,0.36877246370784955
paired-effect,confirmation,64,3,periodic,33,random-0.5,coverage,512,-0.003911018371582031,0.007507598968062261,0.0003317921337966219,-0.004562862911872658,-0.003259173831291405,-0.02490234375,0.01904296875,0,0,"paired Student-t, two-sided",1.5516259888798428e-28,-0.004977593381847046,-0.0028444433613170166,,,false,true,36,5.43069096107945e-27,true,0.05,locked holdout only; pointwise CI is not multiplicity-adjusted,,,
paired-effect,confirmation,64,3,periodic,33,35,coverage,512,-0.0037436485290527335,0.007422363195036008,0.0003280252092274631,-0.004388092504459571,-0.003099204553645896,-0.022705078125,0.02197265625,0,0,"paired Student-t, two-sided",4.9720217161414555e-27,-0.004798114428818219,-0.002689182629287248,,,false,true,36,1.690487383488095e-25,true,0.05,locked holdout only; pointwise CI is not multiplicity-adjusted,,,
paired-effect,confirmation,64,3,periodic,41,random-0.5,coverage,512,-0.0007367134094238286,0.007892614734854331,0.0003488075875192726,-0.0014219868031437421,-0.000051440015703914984,-0.02197265625,0.022705078125,0,0,"paired Student-t, two-sided",0.03516326950241836,-0.0018579860929616653,0.0003845592741140082,,,false,true,36,0.5977755815411121,false,0.05,locked holdout only; pointwise CI is not multiplicity-adjusted,,,
paired-effect,confirmation,64,3,periodic,41,35,coverage,512,-0.000569343566894531,0.008227836527174187,0.00036362243767870255,-0.0012837224703839065,0.0001450353365948443,-0.024169921875,0.027099609375,0,0,"paired Student-t, two-sided",0.11802506751829311,-0.001738239889908264,0.0005995527561192019,,,false,true,36,1,false,0.05,locked holdout only; pointwise CI is not multiplicity-adjusted,,,
paired-effect,confirmation,64,3,periodic,43,random-0.5,coverage,512,-0.0038108825683593767,0.00780042603673819,0.0003447333841701049,-0.004488151712012239,-0.0031336134247065147,-0.02783203125,0.019775390625,0,0,"paired Student-t, two-sided",1.283693325973032e-25,-0.004919058366720231,-0.0027027067699985224,,,false,true,36,4.236187975711006e-24,true,0.05,locked holdout only; pointwise CI is not multiplicity-adjusted,,,
paired-effect,confirmation,64,3,periodic,43,35,coverage,512,-0.003643512725830081,0.0077691266762391275,0.00034335013479162434,-0.004318064313931202,-0.0029689611377289597,-0.027099609375,0.019775390625,0,0,"paired Student-t, two-sided",6.56415352997515e-24,-0.004747241947344252,-0.0025397835043159105,,,false,true,36,2.100529129592048e-22,true,0.05,locked holdout only; pointwise CI is not multiplicity-adjusted,,,
isotropy-upper-bound,confirmation,64,3,periodic,33,,abs_order,512,0.4433247460783503,0.0378476531093119,0.0016726457603494103,0.4400386374107098,0.4466108547459908,0.30735930735930733,0.541958041958042,,,one-sided Student-t: H0 mean(|S|) >= threshold,1,,,,,,true,36,1,false,0.05,locked holdout only; pointwise CI is not multiplicity-adjusted,0.1,false,0.4483526189249993
isotropy-upper-bound,confirmation,64,3,periodic,41,,abs_order,512,0.11132840929820455,0.072935509772578,0.0032233245968429753,0.10499581028208535,0.11766100831432375,0,0.37828371278458844,,,one-sided Student-t: H0 mean(|S|) >= threshold,0.9997601482603732,,,,,,true,36,1,false,0.05,locked holdout only; pointwise CI is not multiplicity-adjusted,0.1,false,0.12101752973277699
isotropy-upper-bound,confirmation,64,3,periodic,43,,abs_order,512,0.4393800061562256,0.03645110404777203,0.0016109264283697506,0.436215152351143,0.44254485996130816,0.328125,0.5445026178010471,,,one-sided Student-t: H0 mean(|S|) >= threshold,1,,,,,,true,36,1,false,0.05,locked holdout only; pointwise CI is not multiplicity-adjusted,0.1,false,0.4442223543922666
paired-effect,confirmation,64,4,periodic,33,random-0.5,coverage,512,-0.0029201507568359392,0.009949737435948089,0.00043972042574903406,-0.0037840330782729884,-0.00205626843539889,-0.0341796875,0.0224609375,0,0,"paired Student-t, two-sided",7.988707471173072e-11,-0.004333670758773332,-0.0015066307548985464,,,false,true,36,1.7575156436580757e-9,true,0.05,locked holdout only; pointwise CI is not multiplicity-adjusted,,,
paired-effect,confirmation,64,4,periodic,33,35,coverage,512,-0.0036373138427734336,0.009680803075442022,0.00042783509387353985,-0.004477846036514773,-0.002796781649032094,-0.0341796875,0.0263671875,0,0,"paired Student-t, two-sided",2.0672861021174579e-16,-0.005012627399542724,-0.0022620002860041432,,,false,true,36,5.581672475717136e-15,true,0.05,locked holdout only; pointwise CI is not multiplicity-adjusted,,,
paired-effect,confirmation,64,4,periodic,41,random-0.5,coverage,512,0.00008201599121093732,0.009830518840509585,0.00043445165841915273,-0.0007715152191893746,0.0009355472016112492,-0.0361328125,0.03515625,0,0,"paired Student-t, two-sided",0.8503398247875873,-0.0013145670945173547,0.0014785990769392292,,,false,true,36,1,false,0.05,locked holdout only; pointwise CI is not multiplicity-adjusted,,,
paired-effect,confirmation,64,4,periodic,41,35,coverage,512,-0.0006351470947265623,0.00952515710010928,0.00042095644858465385,-0.0014621653834670538,0.0001918711940139292,-0.03515625,0.0361328125,0,0,"paired Student-t, two-sided",0.13196305966847655,-0.001988348640925704,0.0007180544514725797,,,false,true,36,1,false,0.05,locked holdout only; pointwise CI is not multiplicity-adjusted,,,
paired-effect,confirmation,64,4,periodic,43,random-0.5,coverage,512,-0.0026454925537109375,0.00940976089776372,0.00041585660875954634,-0.003462491609299896,-0.001828493498121979,-0.0361328125,0.0234375,0,0,"paired Student-t, two-sided",4.4406501836965627e-10,-0.003982300216029915,-0.0013086848913919605,,,false,true,36,8.881300367393126e-9,true,0.05,locked holdout only; pointwise CI is not multiplicity-adjusted,,,
paired-effect,confirmation,64,4,periodic,43,35,coverage,512,-0.003362655639648434,0.009254846928273554,0.00040901031386410746,-0.00416620434637666,-0.0025591069329202083,-0.029296875,0.02734375,0,0,"paired Student-t, two-sided",1.6708248245232909e-15,-0.0046774552845836835,-0.0020478559947131846,,,false,true,36,4.177062061308227e-14,true,0.05,locked holdout only; pointwise CI is not multiplicity-adjusted,,,
isotropy-upper-bound,confirmation,64,4,periodic,33,,abs_order,512,0.5229116829425704,0.051468252252158,0.0022745968864575448,0.5184429707255765,0.5273803951595643,0.3906633906633907,0.7001209189842805,,,one-sided Student-t: H0 mean(|S|) >= threshold,1,,,,,,true,36,1,false,0.05,locked holdout only; pointwise CI is not multiplicity-adjusted,0.1,false,0.5297489847751492
isotropy-upper-bound,confirmation,64,4,periodic,41,,abs_order,512,0.18658035971262135,0.11733788683771758,0.005185650967065614,0.17639254051372946,0.19676817891151324,0.002380952380952381,0.5471236230110159,,,one-sided Student-t: H0 mean(|S|) >= threshold,1,,,,,,true,36,1,false,0.05,locked holdout only; pointwise CI is not multiplicity-adjusted,0.1,false,0.20216811553490704
isotropy-upper-bound,confirmation,64,4,periodic,43,,abs_order,512,0.5158856369008682,0.050177787682864246,0.002217565870968258,0.5115289687991116,0.5202423050026248,0.30984204131227217,0.6642512077294686,,,one-sided Student-t: H0 mean(|S|) >= threshold,1,,,,,,true,36,1,false,0.05,locked holdout only; pointwise CI is not multiplicity-adjusted,0.1,false,0.5225515069210497
paired-effect,confirmation,64,8,periodic,33,random-0.5,coverage,512,0.006481170654296873,0.01633761405776554,0.0007220273555409174,0.005062663276607445,0.007899678031986301,-0.048828125,0.056640625,0,0,"paired Student-t, two-sided",5.348926698852596e-18,0.004160150184837159,0.008802191123756587,,,false,true,36,1.4976994756787268e-16,true,0.05,locked holdout only; pointwise CI is not multiplicity-adjusted,,,
paired-effect,confirmation,64,8,periodic,33,35,coverage,512,0.007080078125000003,0.01664966330540658,0.0007358181142328637,0.005634477185275373,0.008525679064724633,-0.060546875,0.052734375,0,0,"paired Student-t, two-sided",2.972682905749434e-20,0.00471472604820194,0.009445430201798066,,,false,true,36,8.918048717248302e-19,true,0.05,locked holdout only; pointwise CI is not multiplicity-adjusted,,,
paired-effect,confirmation,64,8,periodic,41,random-0.5,coverage,512,0.0020675659179687517,0.01676009802121944,0.0007406986852597189,0.0006123765243499549,0.0035227553115875485,-0.0546875,0.044921875,0,0,"paired Student-t, two-sided",0.005444931226740299,-0.0003134751838628526,0.004448607019800356,,,false,true,36,0.09800876208132539,false,0.05,locked holdout only; pointwise CI is not multiplicity-adjusted,,,
paired-effect,confirmation,64,8,periodic,41,35,coverage,512,0.0026664733886718763,0.01683264550080306,0.000743904861182942,0.001204985086616494,0.004127961690727259,-0.044921875,0.0546875,0,0,"paired Student-t, two-sided",0.0003702055755674877,0.00027512575220639416,0.005057821025137358,,,false,true,36,0.007033905935782266,true,0.05,locked holdout only; pointwise CI is not multiplicity-adjusted,,,
paired-effect,confirmation,64,8,periodic,43,random-0.5,coverage,512,0.004665374755859375,0.01601935683618198,0.0007079622405694597,0.003274499945276931,0.0060562495664418185,-0.044921875,0.072265625,0,0,"paired Student-t, two-sided",1.0978836877708658e-10,0.0023895678361405864,0.006941181675578164,,,false,true,36,2.3055557443188184e-9,true,0.05,locked holdout only; pointwise CI is not multiplicity-adjusted,,,
paired-effect,confirmation,64,8,periodic,43,35,coverage,512,0.005264282226562504,0.016445405182638283,0.0007267910952502452,0.003836415923797431,0.006692148529327578,-0.046875,0.0546875,0,0,"paired Student-t, two-sided",1.623374850053575e-12,0.002927948296620058,0.007600616156504951,,,false,true,36,3.7337621551232224e-11,true,0.05,locked holdout only; pointwise CI is not multiplicity-adjusted,,,
isotropy-upper-bound,confirmation,64,8,periodic,33,,abs_order,512,0.7477867078016633,0.09089414736194747,0.004016991748112649,0.7398948566313618,0.7556785589719649,0.4166666666666667,0.9638242894056848,,,one-sided Student-t: H0 mean(|S|) >= threshold,1,,,,,,true,36,1,false,0.05,locked holdout only; pointwise CI is not multiplicity-adjusted,0.1,false,0.7598615440965458
isotropy-upper-bound,confirmation,64,8,periodic,41,,abs_order,512,0.5064291550462121,0.22625340214314418,0.009999082182621511,0.4867847859827359,0.5260735241096883,0.005076142131979695,0.9638242894056848,,,one-sided Student-t: H0 mean(|S|) >= threshold,1,,,,,,true,36,1,false,0.05,locked holdout only; pointwise CI is not multiplicity-adjusted,0.1,false,0.5364857964398517
isotropy-upper-bound,confirmation,64,8,periodic,43,,abs_order,512,0.7079386431140342,0.09615254699347175,0.004249382375465128,0.6995902333149278,0.7162870529131407,0.4005167958656331,0.9321148825065274,,,one-sided Student-t: H0 mean(|S|) >= threshold,1,,,,,,true,36,1,false,0.05,locked holdout only; pointwise CI is not multiplicity-adjusted,0.1,false,0.7207120316982175
