controller,L,k,n,coverage_n,coverage_mean,coverage_sd,coverage_se,coverage_ciLow,coverage_ciHigh,attempts_n,attempts_mean,attempts_sd,attempts_se,attempts_ciLow,attempts_ciHigh,conditionalMI_n,conditionalMI_mean,conditionalMI_sd,conditionalMI_se,conditionalMI_ciLow,conditionalMI_ciHigh,switchAfterFailure_n,switchAfterFailure_mean,switchAfterFailure_sd,switchAfterFailure_se,switchAfterFailure_ciLow,switchAfterFailure_ciHigh,switchAfterSuccess_n,switchAfterSuccess_mean,switchAfterSuccess_sd,switchAfterSuccess_se,switchAfterSuccess_ciLow,switchAfterSuccess_ciHigh
35,32,2,16,16,0.9064941406250001,0.0076770484402475065,0.0019192621100618766,0.9024033302726986,0.9105849509773016,16,10618.625,2676.8935945731323,669.2233986432831,9192.209091083807,12045.040908916193,16,0,0,0,0,0,16,1,0,0,1,1,16,1,0,0,1,1
38,32,2,16,16,0.9036865234375,0.006039705506275871,0.0015099263765689678,0.9004681915483334,0.9069048553266666,16,8059.25,1559.1288807108497,389.7822201777124,7228.448863934936,8890.051136065065,16,0.31894237223547667,0.04356371233688515,0.010890928084221287,0.295728908519639,0.3421558359513143,16,0,0,0,0,0,16,1,0,0,1,1
41,32,2,16,16,0.90869140625,0.008209323055285466,0.0020523307638213666,0.9043169667761146,0.9130658457238854,16,9544.812499999998,2408.6785095773994,602.1696273943498,8261.318321340414,10828.306678659583,16,0.2909300261439433,0.0573249333986792,0.0143312333496698,0.26038372533347853,0.3214763269544081,16,1,0,0,1,1,16,0,0,0,0,0
random-0.5,32,2,16,16,0.906005859375,0.006761123345993593,0.0016902808364983983,0.9024031110541771,0.9096086076958229,16,10821.312500000002,2271.831440893741,567.9578602234352,9610.73897692966,12031.886023070343,16,0.00011994407410012612,0.00009022525710954508,0.00002255631427738627,0.00007186642828408773,0.00016802171991616452,16,0.5016894972907455,0.004687058877076301,0.0011717647192690753,0.4991919399123565,0.5041870546691346,16,0.49512550265043753,0.022655459343413793,0.005663864835853448,0.48305326051994574,0.5071977447809294
35,32,4,16,16,0.8122558593749999,0.00982727933398011,0.0024568198334950276,0.8070192718573747,0.8174924468926251,16,8264.875,2662.68560855389,665.6714021384724,6846.029992419816,9683.720007580185,16,0,0,0,0,0,16,1,0,0,1,1,16,1,0,0,1,1
38,32,4,16,16,0.787109375,0.02091455521381383,0.005228638803453457,0.7759647951984829,0.7982539548015171,16,5683.1875,1245.0194225392631,311.2548556348158,5019.763479403899,6346.611520596101,16,0.21727506430754906,0.0381150443745503,0.009528761093637575,0.1969649908047676,0.23758513781033053,16,0,0,0,0,0,16,1,0,0,1,1
41,32,4,16,16,0.8137207031249999,0.012972730156055165,0.0032431825390137913,0.8068080231760516,0.8206333830739482,16,7421.500000000001,1964.612701441856,491.153175360464,6374.6317875777,8468.368212422301,16,0.18979261913591178,0.03899773198793517,0.009749432996983793,0.1690121946050252,0.21057304366679835,16,1,0,0,1,1,16,0,0,0,0,0
random-0.5,32,4,16,16,0.8083496093749998,0.013031408466012872,0.003257852116503218,0.8014056619617781,0.8152935567882215,16,7415.5625,1776.6286037980287,444.1571509495072,6468.8639424515495,8362.26105754845,16,0.00016212033614969567,0.00015553158600674992,0.00003888289650168748,0.0000792434040711262,0.0002449972682282652,16,0.5005672817410581,0.0058021626296844205,0.0014505406574211051,0.49747552751598195,0.5036590359661344,16,0.5080454310968676,0.033273279521608794,0.008318319880402198,0.4903153519679635,0.5257755102257717
35,32,8,16,16,0.7485351562499999,0.02119838054877365,0.005299595137193413,0.7372393366031782,0.7598309758968216,16,5324.874999999999,1818.0023789863421,454.50059474658553,4356.129913870743,6293.6200861292555,16,0,0,0,0,0,16,1,0,0,1,1,16,1,0,0,1,1
38,32,8,16,16,0.7021484375000001,0.03825998559063807,0.009564996397659517,0.6817611302749279,0.7225357447250723,16,2881.3750000000005,913.1166318348019,228.27915795870047,2394.8094925081605,3367.9405074918404,16,0.20172520791352322,0.05270091226845643,0.013175228067114108,0.17364287403722647,0.22980754178981996,16,0,0,0,0,0,16,1,0,0,1,1
41,32,8,16,16,0.74755859375,0.018862240012980754,0.0047155600032451886,0.7375076155240232,0.7576095719759768,16,4829.75,1494.713238941392,373.678309735348,4033.273536529048,5626.226463470952,16,0.14042002480031454,0.03207021576938463,0.008017553942346158,0.12333101309339986,0.15750903650722922,16,1,0,0,1,1,16,0,0,0,0,0
random-0.5,32,8,16,16,0.7490234375,0.018460217290049243,0.004615054322512311,0.7391866820615475,0.7588601929384525,16,6951.25,3671.9289299585666,917.9822324896417,4994.617187728007,8907.882812271993,16,0.00015652392349352608,0.00014600560502243772,0.00003650140125560943,0.00007872302837496243,0.00023432481861208974,16,0.5010062318114057,0.006203694507988614,0.0015509236269971535,0.4977005163514447,0.5043119472713666,16,0.5114454736580951,0.04391289659608586,0.010978224149021465,0.48804594278461,0.5348450045315802
