experiment,controller,L,k,boundary,n,coverage,abs_order,deadlock_rate,on_sample_pareto_frontier,observed_isotropic,interpretation
atlas,0,16,2,periodic,64,0.8671874999999999,1,0.96875,0,0,"descriptive sample frontier, no post-selection inference"
atlas,1,16,2,periodic,64,0.8671874999999999,1,0.96875,0,0,"descriptive sample frontier, no post-selection inference"
atlas,10,16,2,periodic,64,0.8656005859375,1,1,0,0,"descriptive sample frontier, no post-selection inference"
atlas,11,16,2,periodic,64,0.8671874999999999,1,0.96875,0,0,"descriptive sample frontier, no post-selection inference"
atlas,12,16,2,periodic,64,0.8671874999999999,1,0.96875,0,0,"descriptive sample frontier, no post-selection inference"
atlas,13,16,2,periodic,64,0.8692626953125001,1,0.984375,0,0,"descriptive sample frontier, no post-selection inference"
atlas,14,16,2,periodic,64,0.8671874999999999,1,0.96875,0,0,"descriptive sample frontier, no post-selection inference"
atlas,15,16,2,periodic,64,0.8671874999999999,1,0.96875,0,0,"descriptive sample frontier, no post-selection inference"
atlas,16,16,2,periodic,64,0.8677978515625001,1,1,0,0,"descriptive sample frontier, no post-selection inference"
atlas,17,16,2,periodic,64,0.9022216796875,0.3804483450853072,0,0,0,"descriptive sample frontier, no post-selection inference"
atlas,18,16,2,periodic,64,0.8480224609375,0.468424235478054,1,0,0,"descriptive sample frontier, no post-selection inference"
atlas,19,16,2,periodic,64,0.9074707031250002,0.06794697355146459,0,1,1,"descriptive sample frontier, no post-selection inference"
atlas,2,16,2,periodic,64,0.8636474609375,1,1,0,0,"descriptive sample frontier, no post-selection inference"
atlas,20,16,2,periodic,64,0.8677978515625001,1,1,0,0,"descriptive sample frontier, no post-selection inference"
atlas,21,16,2,periodic,64,0.8350830078124998,0.12410371836705576,1,0,0,"descriptive sample frontier, no post-selection inference"
atlas,22,16,2,periodic,64,0.8885498046874999,0.003982134608736318,0.734375,1,1,"descriptive sample frontier, no post-selection inference"
atlas,23,16,2,periodic,64,0.8514404296874998,0.46559451190563794,1,0,0,"descriptive sample frontier, no post-selection inference"
atlas,24,16,2,periodic,64,0.8677978515625001,1,1,0,0,"descriptive sample frontier, no post-selection inference"
atlas,25,16,2,periodic,64,0.9068603515625,0.14391889658043341,0,0,0,"descriptive sample frontier, no post-selection inference"
atlas,26,16,2,periodic,64,0.8441162109375002,0.1472361735798085,1,0,0,"descriptive sample frontier, no post-selection inference"
atlas,27,16,2,periodic,64,0.9050292968750002,0.35655898144782616,0,0,0,"descriptive sample frontier, no post-selection inference"
atlas,28,16,2,periodic,64,0.8677978515625001,1,1,0,0,"descriptive sample frontier, no post-selection inference"
atlas,29,16,2,periodic,64,0.8510742187499999,0.817077114763947,1,0,0,"descriptive sample frontier, no post-selection inference"
atlas,3,16,2,periodic,64,0.8671874999999999,1,0.96875,0,0,"descriptive sample frontier, no post-selection inference"
atlas,30,16,2,periodic,64,0.8646240234375,0.9819212028790016,1,0,0,"descriptive sample frontier, no post-selection inference"
atlas,31,16,2,periodic,64,0.8646240234375,0.9819212028790016,1,0,0,"descriptive sample frontier, no post-selection inference"
atlas,32,16,2,periodic,64,0.8671874999999999,1,0.96875,0,0,"descriptive sample frontier, no post-selection inference"
atlas,33,16,2,periodic,64,0.9055175781249998,0.3797570521077866,0,0,0,"descriptive sample frontier, no post-selection inference"
atlas,34,16,2,periodic,64,0.8519287109375,0.47202226904722144,1,0,0,"descriptive sample frontier, no post-selection inference"
atlas,35,16,2,periodic,64,0.9071044921874996,0.06721213063450322,0,1,1,"descriptive sample frontier, no post-selection inference"
atlas,36,16,2,periodic,64,0.8671874999999999,1,0.96875,0,0,"descriptive sample frontier, no post-selection inference"
atlas,37,16,2,periodic,64,0.8397216796875,0.13138958200098833,1,0,0,"descriptive sample frontier, no post-selection inference"
atlas,38,16,2,periodic,64,0.8958740234375002,0.004776721788348793,0.734375,1,1,"descriptive sample frontier, no post-selection inference"
atlas,39,16,2,periodic,64,0.851318359375,0.4637099735828391,1,0,0,"descriptive sample frontier, no post-selection inference"
atlas,4,16,2,periodic,64,0.8671874999999999,1,0.96875,0,0,"descriptive sample frontier, no post-selection inference"
atlas,40,16,2,periodic,64,0.8671874999999999,1,0.96875,0,0,"descriptive sample frontier, no post-selection inference"
atlas,41,16,2,periodic,64,0.9063720703125,0.17084911550693688,0,0,0,"descriptive sample frontier, no post-selection inference"
atlas,42,16,2,periodic,64,0.8333740234374999,0.14197227601859247,1,0,0,"descriptive sample frontier, no post-selection inference"
atlas,43,16,2,periodic,64,0.9034423828125002,0.3592332629884266,0,0,0,"descriptive sample frontier, no post-selection inference"
atlas,44,16,2,periodic,64,0.8671874999999999,1,0.96875,0,0,"descriptive sample frontier, no post-selection inference"
atlas,45,16,2,periodic,64,0.8564453125,0.818820102561434,1,0,0,"descriptive sample frontier, no post-selection inference"
atlas,46,16,2,periodic,64,0.861572265625,0.9818580100157752,0.96875,0,0,"descriptive sample frontier, no post-selection inference"
atlas,47,16,2,periodic,64,0.861572265625,0.9818580100157752,0.96875,0,0,"descriptive sample frontier, no post-selection inference"
atlas,48,16,2,periodic,64,0.8677978515625001,1,1,0,0,"descriptive sample frontier, no post-selection inference"
atlas,49,16,2,periodic,64,0.8677978515625001,1,1,0,0,"descriptive sample frontier, no post-selection inference"
atlas,5,16,2,periodic,64,0.8656005859375,1,1,0,0,"descriptive sample frontier, no post-selection inference"
atlas,50,16,2,periodic,64,0.8641357421875,1,1,0,0,"descriptive sample frontier, no post-selection inference"
atlas,51,16,2,periodic,64,0.8677978515625001,1,1,0,0,"descriptive sample frontier, no post-selection inference"
atlas,52,16,2,periodic,64,0.8677978515625001,1,1,0,0,"descriptive sample frontier, no post-selection inference"
atlas,53,16,2,periodic,64,0.8629150390625001,1,1,0,0,"descriptive sample frontier, no post-selection inference"
atlas,54,16,2,periodic,64,0.8677978515625001,1,1,0,0,"descriptive sample frontier, no post-selection inference"
atlas,55,16,2,periodic,64,0.8646240234375001,1,1,0,0,"descriptive sample frontier, no post-selection inference"
atlas,56,16,2,periodic,64,0.8677978515625001,1,1,0,0,"descriptive sample frontier, no post-selection inference"
atlas,57,16,2,periodic,64,0.8677978515625001,1,1,0,0,"descriptive sample frontier, no post-selection inference"
atlas,58,16,2,periodic,64,0.8629150390625001,1,1,0,0,"descriptive sample frontier, no post-selection inference"
atlas,59,16,2,periodic,64,0.8677978515625001,1,1,0,0,"descriptive sample frontier, no post-selection inference"
atlas,6,16,2,periodic,64,0.8671874999999999,1,0.96875,0,0,"descriptive sample frontier, no post-selection inference"
atlas,60,16,2,periodic,64,0.8677978515625001,1,1,0,0,"descriptive sample frontier, no post-selection inference"
atlas,61,16,2,periodic,64,0.8666992187499999,1,1,0,0,"descriptive sample frontier, no post-selection inference"
atlas,62,16,2,periodic,64,0.8677978515625001,1,1,0,0,"descriptive sample frontier, no post-selection inference"
atlas,63,16,2,periodic,64,0.8677978515625001,1,1,0,0,"descriptive sample frontier, no post-selection inference"
atlas,7,16,2,periodic,64,0.8645019531249998,1,1,0,0,"descriptive sample frontier, no post-selection inference"
atlas,8,16,2,periodic,64,0.8671874999999999,1,0.96875,0,0,"descriptive sample frontier, no post-selection inference"
atlas,9,16,2,periodic,64,0.8671874999999999,1,0.96875,0,0,"descriptive sample frontier, no post-selection inference"
atlas,random-0.5,16,2,periodic,64,0.9083251953125001,0.08408997594899759,0,1,1,"descriptive sample frontier, no post-selection inference"
atlas,0,16,3,periodic,64,0.8239746093749998,1,0.625,0,0,"descriptive sample frontier, no post-selection inference"
atlas,1,16,3,periodic,64,0.8239746093749998,1,0.625,0,0,"descriptive sample frontier, no post-selection inference"
atlas,10,16,3,periodic,64,0.82415771484375,1,0.78125,0,0,"descriptive sample frontier, no post-selection inference"
atlas,11,16,3,periodic,64,0.8239746093749998,1,0.625,0,0,"descriptive sample frontier, no post-selection inference"
atlas,12,16,3,periodic,64,0.8239746093749998,1,0.625,0,0,"descriptive sample frontier, no post-selection inference"
atlas,13,16,3,periodic,64,0.8223266601562503,1,0.640625,0,0,"descriptive sample frontier, no post-selection inference"
atlas,14,16,3,periodic,64,0.8239746093749998,1,0.625,0,0,"descriptive sample frontier, no post-selection inference"
atlas,15,16,3,periodic,64,0.8239746093749998,1,0.625,0,0,"descriptive sample frontier, no post-selection inference"
atlas,16,16,3,periodic,64,0.8221435546875004,1,0.71875,0,0,"descriptive sample frontier, no post-selection inference"
atlas,17,16,3,periodic,64,0.8391723632812501,0.4564300683762416,0,0,0,"descriptive sample frontier, no post-selection inference"
atlas,18,16,3,periodic,64,0.7783813476562504,0.5383160676997293,0.984375,0,0,"descriptive sample frontier, no post-selection inference"
atlas,19,16,3,periodic,64,0.8477783203125,0.09296229946595372,0,1,1,"descriptive sample frontier, no post-selection inference"
atlas,2,16,3,periodic,64,0.8210449218749999,1,0.671875,0,0,"descriptive sample frontier, no post-selection inference"
atlas,20,16,3,periodic,64,0.8221435546875004,1,0.71875,0,0,"descriptive sample frontier, no post-selection inference"
atlas,21,16,3,periodic,64,0.7507324218749999,0.17218971321985344,1,0,0,"descriptive sample frontier, no post-selection inference"
atlas,22,16,3,periodic,64,0.8133544921874999,0.0067881755047774954,0.828125,1,1,"descriptive sample frontier, no post-selection inference"
atlas,23,16,3,periodic,64,0.7842407226562499,0.5354299084593633,0.984375,0,0,"descriptive sample frontier, no post-selection inference"
atlas,24,16,3,periodic,64,0.8221435546875004,1,0.71875,0,0,"descriptive sample frontier, no post-selection inference"
atlas,25,16,3,periodic,64,0.844482421875,0.230054974040698,0,0,0,"descriptive sample frontier, no post-selection inference"
atlas,26,16,3,periodic,64,0.7543945312499999,0.21474299298742075,1,0,0,"descriptive sample frontier, no post-selection inference"
atlas,27,16,3,periodic,64,0.8446655273437498,0.3836552156319953,0,0,0,"descriptive sample frontier, no post-selection inference"
atlas,28,16,3,periodic,64,0.8221435546875004,1,0.71875,0,0,"descriptive sample frontier, no post-selection inference"
atlas,29,16,3,periodic,64,0.788818359375,0.7521730684838855,0.96875,0,0,"descriptive sample frontier, no post-selection inference"
atlas,3,16,3,periodic,64,0.8239746093749998,1,0.625,0,0,"descriptive sample frontier, no post-selection inference"
atlas,30,16,3,periodic,64,0.8214111328125001,0.9714486977112552,0.75,0,0,"descriptive sample frontier, no post-selection inference"
atlas,31,16,3,periodic,64,0.8214111328125001,0.9714486977112552,0.75,0,0,"descriptive sample frontier, no post-selection inference"
atlas,32,16,3,periodic,64,0.8239746093749998,1,0.625,0,0,"descriptive sample frontier, no post-selection inference"
atlas,33,16,3,periodic,64,0.8360595703125002,0.46876377413090137,0,0,0,"descriptive sample frontier, no post-selection inference"
atlas,34,16,3,periodic,64,0.7796630859375,0.5368832806186851,0.984375,0,0,"descriptive sample frontier, no post-selection inference"
atlas,35,16,3,periodic,64,0.8497924804687499,0.09368739912901788,0,1,1,"descriptive sample frontier, no post-selection inference"
atlas,36,16,3,periodic,64,0.8239746093749998,1,0.625,0,0,"descriptive sample frontier, no post-selection inference"
atlas,37,16,3,periodic,64,0.7532958984375,0.17488732783682948,1,0,0,"descriptive sample frontier, no post-selection inference"
atlas,38,16,3,periodic,64,0.8192138671875,0.007599436484422191,0.8125,1,1,"descriptive sample frontier, no post-selection inference"
atlas,39,16,3,periodic,64,0.774169921875,0.5220311450527437,1,0,0,"descriptive sample frontier, no post-selection inference"
atlas,4,16,3,periodic,64,0.8239746093749998,1,0.625,0,0,"descriptive sample frontier, no post-selection inference"
atlas,40,16,3,periodic,64,0.8239746093749998,1,0.625,0,0,"descriptive sample frontier, no post-selection inference"
atlas,41,16,3,periodic,64,0.84356689453125,0.2474428330936419,0,0,0,"descriptive sample frontier, no post-selection inference"
atlas,42,16,3,periodic,64,0.7580566406249998,0.2247536303909713,1,0,0,"descriptive sample frontier, no post-selection inference"
atlas,43,16,3,periodic,64,0.841552734375,0.3827171357488998,0,0,0,"descriptive sample frontier, no post-selection inference"
atlas,44,16,3,periodic,64,0.8239746093749998,1,0.625,0,0,"descriptive sample frontier, no post-selection inference"
atlas,45,16,3,periodic,64,0.7924804687499999,0.7535849985366582,0.96875,0,0,"descriptive sample frontier, no post-selection inference"
atlas,46,16,3,periodic,64,0.8188476562500001,0.9713578997354436,0.765625,0,0,"descriptive sample frontier, no post-selection inference"
atlas,47,16,3,periodic,64,0.8188476562500001,0.9713578997354436,0.765625,0,0,"descriptive sample frontier, no post-selection inference"
atlas,48,16,3,periodic,64,0.8221435546875004,1,0.71875,0,0,"descriptive sample frontier, no post-selection inference"
atlas,49,16,3,periodic,64,0.8221435546875004,1,0.71875,0,0,"descriptive sample frontier, no post-selection inference"
atlas,5,16,3,periodic,64,0.82415771484375,1,0.78125,0,0,"descriptive sample frontier, no post-selection inference"
atlas,50,16,3,periodic,64,0.8292846679687502,1,0.515625,0,0,"descriptive sample frontier, no post-selection inference"
atlas,51,16,3,periodic,64,0.8221435546875004,1,0.71875,0,0,"descriptive sample frontier, no post-selection inference"
atlas,52,16,3,periodic,64,0.8221435546875004,1,0.71875,0,0,"descriptive sample frontier, no post-selection inference"
atlas,53,16,3,periodic,64,0.8263549804687504,1,0.515625,0,0,"descriptive sample frontier, no post-selection inference"
atlas,54,16,3,periodic,64,0.8221435546875004,1,0.71875,0,0,"descriptive sample frontier, no post-selection inference"
atlas,55,16,3,periodic,64,0.8256225585937501,1,0.6875,0,0,"descriptive sample frontier, no post-selection inference"
atlas,56,16,3,periodic,64,0.8221435546875004,1,0.71875,0,0,"descriptive sample frontier, no post-selection inference"
atlas,57,16,3,periodic,64,0.8221435546875004,1,0.71875,0,0,"descriptive sample frontier, no post-selection inference"
atlas,58,16,3,periodic,64,0.8263549804687504,1,0.515625,0,0,"descriptive sample frontier, no post-selection inference"
atlas,59,16,3,periodic,64,0.8221435546875004,1,0.71875,0,0,"descriptive sample frontier, no post-selection inference"
atlas,6,16,3,periodic,64,0.8239746093749998,1,0.625,0,0,"descriptive sample frontier, no post-selection inference"
atlas,60,16,3,periodic,64,0.8221435546875004,1,0.71875,0,0,"descriptive sample frontier, no post-selection inference"
atlas,61,16,3,periodic,64,0.8195800781249998,1,0.671875,0,0,"descriptive sample frontier, no post-selection inference"
atlas,62,16,3,periodic,64,0.8221435546875004,1,0.71875,0,0,"descriptive sample frontier, no post-selection inference"
atlas,63,16,3,periodic,64,0.8221435546875004,1,0.71875,0,0,"descriptive sample frontier, no post-selection inference"
atlas,7,16,3,periodic,64,0.8228759765625,1,0.703125,0,0,"descriptive sample frontier, no post-selection inference"
atlas,8,16,3,periodic,64,0.8239746093749998,1,0.625,0,0,"descriptive sample frontier, no post-selection inference"
atlas,9,16,3,periodic,64,0.8239746093749998,1,0.625,0,0,"descriptive sample frontier, no post-selection inference"
atlas,random-0.5,16,3,periodic,64,0.8470458984375,0.14235535210996422,0,0,0,"descriptive sample frontier, no post-selection inference"
atlas,0,16,4,periodic,64,0.8037109375000001,1,0.203125,0,0,"descriptive sample frontier, no post-selection inference"
atlas,1,16,4,periodic,64,0.8037109375000001,1,0.203125,0,0,"descriptive sample frontier, no post-selection inference"
atlas,10,16,4,periodic,64,0.8022460937499998,1,0.25,0,0,"descriptive sample frontier, no post-selection inference"
atlas,11,16,4,periodic,64,0.8037109375000001,1,0.203125,0,0,"descriptive sample frontier, no post-selection inference"
atlas,12,16,4,periodic,64,0.8037109375000001,1,0.203125,0,0,"descriptive sample frontier, no post-selection inference"
atlas,13,16,4,periodic,64,0.8027343749999999,1,0.203125,0,0,"descriptive sample frontier, no post-selection inference"
atlas,14,16,4,periodic,64,0.8037109375000001,1,0.203125,0,0,"descriptive sample frontier, no post-selection inference"
atlas,15,16,4,periodic,64,0.8037109375000001,1,0.203125,0,0,"descriptive sample frontier, no post-selection inference"
atlas,16,16,4,periodic,64,0.802001953125,1,0.265625,0,0,"descriptive sample frontier, no post-selection inference"
atlas,17,16,4,periodic,64,0.80419921875,0.5404081837247368,0,0,0,"descriptive sample frontier, no post-selection inference"
atlas,18,16,4,periodic,64,0.7409667968750001,0.5959297932139151,0.984375,0,0,"descriptive sample frontier, no post-selection inference"
atlas,19,16,4,periodic,64,0.807373046875,0.16565355249621003,0,0,0,"descriptive sample frontier, no post-selection inference"
atlas,2,16,4,periodic,64,0.7995605468749997,1,0.28125,0,0,"descriptive sample frontier, no post-selection inference"
atlas,20,16,4,periodic,64,0.802001953125,1,0.265625,0,0,"descriptive sample frontier, no post-selection inference"
atlas,21,16,4,periodic,64,0.6916503906249999,0.17485689043210098,1,0,0,"descriptive sample frontier, no post-selection inference"
atlas,22,16,4,periodic,64,0.7666015624999998,0.011567338445935476,0.796875,0,1,"descriptive sample frontier, no post-selection inference"
atlas,23,16,4,periodic,64,0.7434082031250001,0.5729066562662595,0.984375,0,0,"descriptive sample frontier, no post-selection inference"
atlas,24,16,4,periodic,64,0.802001953125,1,0.265625,0,0,"descriptive sample frontier, no post-selection inference"
atlas,25,16,4,periodic,64,0.807861328125,0.3757961996037621,0,0,0,"descriptive sample frontier, no post-selection inference"
atlas,26,16,4,periodic,64,0.6958007812500001,0.24279754561257166,1,0,0,"descriptive sample frontier, no post-selection inference"
atlas,27,16,4,periodic,64,0.8022460937499997,0.4176473307116713,0,0,0,"descriptive sample frontier, no post-selection inference"
atlas,28,16,4,periodic,64,0.802001953125,1,0.265625,0,0,"descriptive sample frontier, no post-selection inference"
atlas,29,16,4,periodic,64,0.7333984375000002,0.6667568296498165,0.921875,0,0,"descriptive sample frontier, no post-selection inference"
atlas,3,16,4,periodic,64,0.8037109375000001,1,0.203125,0,0,"descriptive sample frontier, no post-selection inference"
atlas,30,16,4,periodic,64,0.7871093749999998,0.960269024195713,0.453125,0,0,"descriptive sample frontier, no post-selection inference"
atlas,31,16,4,periodic,64,0.7871093749999998,0.960269024195713,0.453125,0,0,"descriptive sample frontier, no post-selection inference"
atlas,32,16,4,periodic,64,0.8037109375000001,1,0.203125,0,0,"descriptive sample frontier, no post-selection inference"
atlas,33,16,4,periodic,64,0.8029785156250001,0.5124315272217556,0,0,0,"descriptive sample frontier, no post-selection inference"
atlas,34,16,4,periodic,64,0.7468261718749998,0.603654419231847,1,0,0,"descriptive sample frontier, no post-selection inference"
atlas,35,16,4,periodic,64,0.8076171875,0.14926657889281264,0,1,0,"descriptive sample frontier, no post-selection inference"
atlas,36,16,4,periodic,64,0.8037109375000001,1,0.203125,0,0,"descriptive sample frontier, no post-selection inference"
atlas,37,16,4,periodic,64,0.691162109375,0.18351809412232603,1,0,0,"descriptive sample frontier, no post-selection inference"
atlas,38,16,4,periodic,64,0.7729492187500001,0.009505054196173316,0.859375,1,1,"descriptive sample frontier, no post-selection inference"
atlas,39,16,4,periodic,64,0.7299804687499998,0.5562931099084614,1,0,0,"descriptive sample frontier, no post-selection inference"
atlas,4,16,4,periodic,64,0.8037109375000001,1,0.203125,0,0,"descriptive sample frontier, no post-selection inference"
atlas,40,16,4,periodic,64,0.8037109375000001,1,0.203125,0,0,"descriptive sample frontier, no post-selection inference"
atlas,41,16,4,periodic,64,0.808837890625,0.37330010885463905,0,1,0,"descriptive sample frontier, no post-selection inference"
atlas,42,16,4,periodic,64,0.696533203125,0.2541073013343679,1,0,0,"descriptive sample frontier, no post-selection inference"
atlas,43,16,4,periodic,64,0.8088378906250002,0.3987862903679159,0,1,0,"descriptive sample frontier, no post-selection inference"
atlas,44,16,4,periodic,64,0.8037109375000001,1,0.203125,0,0,"descriptive sample frontier, no post-selection inference"
atlas,45,16,4,periodic,64,0.7343749999999999,0.6628554938649384,0.890625,0,0,"descriptive sample frontier, no post-selection inference"
atlas,46,16,4,periodic,64,0.7954101562500002,0.9606815688600066,0.4375,0,0,"descriptive sample frontier, no post-selection inference"
atlas,47,16,4,periodic,64,0.7954101562500002,0.9606815688600066,0.4375,0,0,"descriptive sample frontier, no post-selection inference"
atlas,48,16,4,periodic,64,0.802001953125,1,0.265625,0,0,"descriptive sample frontier, no post-selection inference"
atlas,49,16,4,periodic,64,0.802001953125,1,0.265625,0,0,"descriptive sample frontier, no post-selection inference"
atlas,5,16,4,periodic,64,0.8022460937499998,1,0.25,0,0,"descriptive sample frontier, no post-selection inference"
atlas,50,16,4,periodic,64,0.8024902343750002,1,0.140625,0,0,"descriptive sample frontier, no post-selection inference"
atlas,51,16,4,periodic,64,0.802001953125,1,0.265625,0,0,"descriptive sample frontier, no post-selection inference"
atlas,52,16,4,periodic,64,0.802001953125,1,0.265625,0,0,"descriptive sample frontier, no post-selection inference"
atlas,53,16,4,periodic,64,0.7988281250000001,1,0.234375,0,0,"descriptive sample frontier, no post-selection inference"
atlas,54,16,4,periodic,64,0.802001953125,1,0.265625,0,0,"descriptive sample frontier, no post-selection inference"
atlas,55,16,4,periodic,64,0.8005371093749999,1,0.296875,0,0,"descriptive sample frontier, no post-selection inference"
atlas,56,16,4,periodic,64,0.802001953125,1,0.265625,0,0,"descriptive sample frontier, no post-selection inference"
atlas,57,16,4,periodic,64,0.802001953125,1,0.265625,0,0,"descriptive sample frontier, no post-selection inference"
atlas,58,16,4,periodic,64,0.7988281250000001,1,0.234375,0,0,"descriptive sample frontier, no post-selection inference"
atlas,59,16,4,periodic,64,0.802001953125,1,0.265625,0,0,"descriptive sample frontier, no post-selection inference"
atlas,6,16,4,periodic,64,0.8037109375000001,1,0.203125,0,0,"descriptive sample frontier, no post-selection inference"
atlas,60,16,4,periodic,64,0.802001953125,1,0.265625,0,0,"descriptive sample frontier, no post-selection inference"
atlas,61,16,4,periodic,64,0.798583984375,1,0.296875,0,0,"descriptive sample frontier, no post-selection inference"
atlas,62,16,4,periodic,64,0.802001953125,1,0.265625,0,0,"descriptive sample frontier, no post-selection inference"
atlas,63,16,4,periodic,64,0.802001953125,1,0.265625,0,0,"descriptive sample frontier, no post-selection inference"
atlas,7,16,4,periodic,64,0.8002929687499999,1,0.265625,0,0,"descriptive sample frontier, no post-selection inference"
atlas,8,16,4,periodic,64,0.8037109375000001,1,0.203125,0,0,"descriptive sample frontier, no post-selection inference"
atlas,9,16,4,periodic,64,0.8037109375000001,1,0.203125,0,0,"descriptive sample frontier, no post-selection inference"
atlas,random-0.5,16,4,periodic,64,0.8066406249999999,0.1964353888387252,0,0,0,"descriptive sample frontier, no post-selection inference"
atlas,0,16,8,periodic,64,1,1,0,1,0,"descriptive sample frontier, no post-selection inference"
atlas,1,16,8,periodic,64,1,1,0,1,0,"descriptive sample frontier, no post-selection inference"
atlas,10,16,8,periodic,64,1,1,0,1,0,"descriptive sample frontier, no post-selection inference"
atlas,11,16,8,periodic,64,1,1,0,1,0,"descriptive sample frontier, no post-selection inference"
atlas,12,16,8,periodic,64,1,1,0,1,0,"descriptive sample frontier, no post-selection inference"
atlas,13,16,8,periodic,64,1,1,0,1,0,"descriptive sample frontier, no post-selection inference"
atlas,14,16,8,periodic,64,1,1,0,1,0,"descriptive sample frontier, no post-selection inference"
atlas,15,16,8,periodic,64,1,1,0,1,0,"descriptive sample frontier, no post-selection inference"
atlas,16,16,8,periodic,64,1,1,0,1,0,"descriptive sample frontier, no post-selection inference"
atlas,17,16,8,periodic,64,0.859375,0.8058707794631241,0,1,0,"descriptive sample frontier, no post-selection inference"
atlas,18,16,8,periodic,64,0.6835937499999999,0.7187050423134416,0.828125,0,0,"descriptive sample frontier, no post-selection inference"
atlas,19,16,8,periodic,64,0.771484375,0.3580885868861412,0,0,0,"descriptive sample frontier, no post-selection inference"
atlas,2,16,8,periodic,64,1,1,0,1,0,"descriptive sample frontier, no post-selection inference"
atlas,20,16,8,periodic,64,1,1,0,1,0,"descriptive sample frontier, no post-selection inference"
atlas,21,16,8,periodic,64,0.55615234375,0.3166370816652968,0.984375,0,0,"descriptive sample frontier, no post-selection inference"
atlas,22,16,8,periodic,64,0.6699218750000001,0.028123128224083943,0.90625,1,1,"descriptive sample frontier, no post-selection inference"
atlas,23,16,8,periodic,64,0.662109375,0.6276612305094437,0.875,0,0,"descriptive sample frontier, no post-selection inference"
atlas,24,16,8,periodic,64,1,1,0,1,0,"descriptive sample frontier, no post-selection inference"
atlas,25,16,8,periodic,64,0.86962890625,0.8116343416547223,0,0,0,"descriptive sample frontier, no post-selection inference"
atlas,26,16,8,periodic,64,0.6386718749999998,0.5089212854727647,0.90625,0,0,"descriptive sample frontier, no post-selection inference"
atlas,27,16,8,periodic,64,0.7851562499999999,0.4572675985621076,0,1,0,"descriptive sample frontier, no post-selection inference"
atlas,28,16,8,periodic,64,1,1,0,1,0,"descriptive sample frontier, no post-selection inference"
atlas,29,16,8,periodic,64,0.5654296875,0.49404172960360077,0.953125,0,0,"descriptive sample frontier, no post-selection inference"
atlas,3,16,8,periodic,64,1,1,0,1,0,"descriptive sample frontier, no post-selection inference"
atlas,30,16,8,periodic,64,0.78125,0.92,0.5625,0,0,"descriptive sample frontier, no post-selection inference"
atlas,31,16,8,periodic,64,0.78125,0.92,0.5625,0,0,"descriptive sample frontier, no post-selection inference"
atlas,32,16,8,periodic,64,1,1,0,1,0,"descriptive sample frontier, no post-selection inference"
atlas,33,16,8,periodic,64,0.8774414062499999,0.8078106321083268,0,1,0,"descriptive sample frontier, no post-selection inference"
atlas,34,16,8,periodic,64,0.7045898437500001,0.7224445289247081,0.828125,0,0,"descriptive sample frontier, no post-selection inference"
atlas,35,16,8,periodic,64,0.77294921875,0.33895062692804445,0,1,0,"descriptive sample frontier, no post-selection inference"
atlas,36,16,8,periodic,64,1,1,0,1,0,"descriptive sample frontier, no post-selection inference"
atlas,37,16,8,periodic,64,0.5439453125000001,0.3205640204112828,0.984375,0,0,"descriptive sample frontier, no post-selection inference"
atlas,38,16,8,periodic,64,0.66748046875,0.021721298931471896,0.9375,1,1,"descriptive sample frontier, no post-selection inference"
atlas,39,16,8,periodic,64,0.6396484374999999,0.6002285902092405,0.921875,0,0,"descriptive sample frontier, no post-selection inference"
atlas,4,16,8,periodic,64,1,1,0,1,0,"descriptive sample frontier, no post-selection inference"
atlas,40,16,8,periodic,64,1,1,0,1,0,"descriptive sample frontier, no post-selection inference"
atlas,41,16,8,periodic,64,0.8706054687500002,0.8099527151089654,0,0,0,"descriptive sample frontier, no post-selection inference"
atlas,42,16,8,periodic,64,0.65283203125,0.5278242625131295,0.890625,0,0,"descriptive sample frontier, no post-selection inference"
atlas,43,16,8,periodic,64,0.77734375,0.46587884146331476,0,0,0,"descriptive sample frontier, no post-selection inference"
atlas,44,16,8,periodic,64,1,1,0,1,0,"descriptive sample frontier, no post-selection inference"
atlas,45,16,8,periodic,64,0.5722656249999999,0.49495440034891636,0.90625,0,0,"descriptive sample frontier, no post-selection inference"
atlas,46,16,8,periodic,64,0.78125,0.92,0.671875,0,0,"descriptive sample frontier, no post-selection inference"
atlas,47,16,8,periodic,64,0.78125,0.92,0.671875,0,0,"descriptive sample frontier, no post-selection inference"
atlas,48,16,8,periodic,64,1,1,0,1,0,"descriptive sample frontier, no post-selection inference"
atlas,49,16,8,periodic,64,1,1,0,1,0,"descriptive sample frontier, no post-selection inference"
atlas,5,16,8,periodic,64,1,1,0,1,0,"descriptive sample frontier, no post-selection inference"
atlas,50,16,8,periodic,64,1,1,0,1,0,"descriptive sample frontier, no post-selection inference"
atlas,51,16,8,periodic,64,1,1,0,1,0,"descriptive sample frontier, no post-selection inference"
atlas,52,16,8,periodic,64,1,1,0,1,0,"descriptive sample frontier, no post-selection inference"
atlas,53,16,8,periodic,64,1,1,0,1,0,"descriptive sample frontier, no post-selection inference"
atlas,54,16,8,periodic,64,1,1,0,1,0,"descriptive sample frontier, no post-selection inference"
atlas,55,16,8,periodic,64,1,1,0,1,0,"descriptive sample frontier, no post-selection inference"
atlas,56,16,8,periodic,64,1,1,0,1,0,"descriptive sample frontier, no post-selection inference"
atlas,57,16,8,periodic,64,1,1,0,1,0,"descriptive sample frontier, no post-selection inference"
atlas,58,16,8,periodic,64,1,1,0,1,0,"descriptive sample frontier, no post-selection inference"
atlas,59,16,8,periodic,64,1,1,0,1,0,"descriptive sample frontier, no post-selection inference"
atlas,6,16,8,periodic,64,1,1,0,1,0,"descriptive sample frontier, no post-selection inference"
atlas,60,16,8,periodic,64,1,1,0,1,0,"descriptive sample frontier, no post-selection inference"
atlas,61,16,8,periodic,64,1,1,0,1,0,"descriptive sample frontier, no post-selection inference"
atlas,62,16,8,periodic,64,1,1,0,1,0,"descriptive sample frontier, no post-selection inference"
atlas,63,16,8,periodic,64,1,1,0,1,0,"descriptive sample frontier, no post-selection inference"
atlas,7,16,8,periodic,64,1,1,0,1,0,"descriptive sample frontier, no post-selection inference"
atlas,8,16,8,periodic,64,1,1,0,1,0,"descriptive sample frontier, no post-selection inference"
atlas,9,16,8,periodic,64,1,1,0,1,0,"descriptive sample frontier, no post-selection inference"
atlas,random-0.5,16,8,periodic,64,0.7792968749999999,0.4866663768584683,0,0,0,"descriptive sample frontier, no post-selection inference"
atlas,0,32,2,periodic,64,0.8641052246093751,1,1,0,0,"descriptive sample frontier, no post-selection inference"
atlas,1,32,2,periodic,64,0.8641052246093751,1,1,0,0,"descriptive sample frontier, no post-selection inference"
atlas,10,32,2,periodic,64,0.8639831542968754,1,1,0,0,"descriptive sample frontier, no post-selection inference"
atlas,11,32,2,periodic,64,0.8641052246093751,1,1,0,0,"descriptive sample frontier, no post-selection inference"
atlas,12,32,2,periodic,64,0.8641052246093751,1,1,0,0,"descriptive sample frontier, no post-selection inference"
atlas,13,32,2,periodic,64,0.865875244140625,1,1,0,0,"descriptive sample frontier, no post-selection inference"
atlas,14,32,2,periodic,64,0.8641052246093751,1,1,0,0,"descriptive sample frontier, no post-selection inference"
atlas,15,32,2,periodic,64,0.8641052246093751,1,1,0,0,"descriptive sample frontier, no post-selection inference"
atlas,16,32,2,periodic,64,0.8656005859374999,1,1,0,0,"descriptive sample frontier, no post-selection inference"
atlas,17,32,2,periodic,64,0.9046630859374999,0.36979521238672075,0,0,0,"descriptive sample frontier, no post-selection inference"
atlas,18,32,2,periodic,64,0.8503723144531248,0.47385350190728526,1,0,0,"descriptive sample frontier, no post-selection inference"
atlas,19,32,2,periodic,64,0.9070739746093751,0.035798665871801985,0,0,1,"descriptive sample frontier, no post-selection inference"
atlas,2,32,2,periodic,64,0.8655395507812502,1,1,0,0,"descriptive sample frontier, no post-selection inference"
atlas,20,32,2,periodic,64,0.8656005859374999,1,1,0,0,"descriptive sample frontier, no post-selection inference"
atlas,21,32,2,periodic,64,0.83905029296875,0.12241968994589865,1,0,0,"descriptive sample frontier, no post-selection inference"
atlas,22,32,2,periodic,64,0.8993530273437501,0.0010841236905238946,0.9375,1,1,"descriptive sample frontier, no post-selection inference"
atlas,23,32,2,periodic,64,0.8515625000000001,0.4720971097120507,1,0,0,"descriptive sample frontier, no post-selection inference"
atlas,24,32,2,periodic,64,0.8656005859374999,1,1,0,0,"descriptive sample frontier, no post-selection inference"
atlas,25,32,2,periodic,64,0.9060363769531251,0.09981648468804687,0,0,1,"descriptive sample frontier, no post-selection inference"
atlas,26,32,2,periodic,64,0.8387145996093747,0.12871584033324932,1,0,0,"descriptive sample frontier, no post-selection inference"
atlas,27,32,2,periodic,64,0.90557861328125,0.36692887214382386,0,0,0,"descriptive sample frontier, no post-selection inference"
atlas,28,32,2,periodic,64,0.8656005859374999,1,1,0,0,"descriptive sample frontier, no post-selection inference"
atlas,29,32,2,periodic,64,0.8577880859375002,0.902088103135105,1,0,0,"descriptive sample frontier, no post-selection inference"
atlas,3,32,2,periodic,64,0.8641052246093751,1,1,0,0,"descriptive sample frontier, no post-selection inference"
atlas,30,32,2,periodic,64,0.8644104003906251,0.9954806892561604,1,0,0,"descriptive sample frontier, no post-selection inference"
atlas,31,32,2,periodic,64,0.8644104003906251,0.9954806892561604,1,0,0,"descriptive sample frontier, no post-selection inference"
atlas,32,32,2,periodic,64,0.8641052246093751,1,1,0,0,"descriptive sample frontier, no post-selection inference"
atlas,33,32,2,periodic,64,0.9051208496093751,0.36974639594095066,0,0,0,"descriptive sample frontier, no post-selection inference"
atlas,34,32,2,periodic,64,0.8518066406250001,0.47220202424965707,1,0,0,"descriptive sample frontier, no post-selection inference"
atlas,35,32,2,periodic,64,0.9079895019531249,0.03531337029673947,0,1,1,"descriptive sample frontier, no post-selection inference"
atlas,36,32,2,periodic,64,0.8641052246093751,1,1,0,0,"descriptive sample frontier, no post-selection inference"
atlas,37,32,2,periodic,64,0.8375244140625002,0.11996496844774496,1,0,0,"descriptive sample frontier, no post-selection inference"
atlas,38,32,2,periodic,64,0.897430419921875,0.000986573128968928,0.875,1,1,"descriptive sample frontier, no post-selection inference"
atlas,39,32,2,periodic,64,0.8505249023437499,0.4710333355495867,1,0,0,"descriptive sample frontier, no post-selection inference"
atlas,4,32,2,periodic,64,0.8641052246093751,1,1,0,0,"descriptive sample frontier, no post-selection inference"
atlas,40,32,2,periodic,64,0.8641052246093751,1,1,0,0,"descriptive sample frontier, no post-selection inference"
atlas,41,32,2,periodic,64,0.9074096679687498,0.1040026940384978,0,0,0,"descriptive sample frontier, no post-selection inference"
atlas,42,32,2,periodic,64,0.838592529296875,0.12786321839099107,1,0,0,"descriptive sample frontier, no post-selection inference"
atlas,43,32,2,periodic,64,0.9043884277343749,0.36145196284516407,0,0,0,"descriptive sample frontier, no post-selection inference"
atlas,44,32,2,periodic,64,0.8641052246093751,1,1,0,0,"descriptive sample frontier, no post-selection inference"
atlas,45,32,2,periodic,64,0.8599243164062501,0.9021356040965427,1,0,0,"descriptive sample frontier, no post-selection inference"
atlas,46,32,2,periodic,64,0.8635864257812503,0.9954763840290817,1,0,0,"descriptive sample frontier, no post-selection inference"
atlas,47,32,2,periodic,64,0.8635864257812503,0.9954763840290817,1,0,0,"descriptive sample frontier, no post-selection inference"
atlas,48,32,2,periodic,64,0.8656005859374999,1,1,0,0,"descriptive sample frontier, no post-selection inference"
atlas,49,32,2,periodic,64,0.8656005859374999,1,1,0,0,"descriptive sample frontier, no post-selection inference"
atlas,5,32,2,periodic,64,0.8639831542968754,1,1,0,0,"descriptive sample frontier, no post-selection inference"
atlas,50,32,2,periodic,64,0.866851806640625,1,1,0,0,"descriptive sample frontier, no post-selection inference"
atlas,51,32,2,periodic,64,0.8656005859374999,1,1,0,0,"descriptive sample frontier, no post-selection inference"
atlas,52,32,2,periodic,64,0.8656005859374999,1,1,0,0,"descriptive sample frontier, no post-selection inference"
atlas,53,32,2,periodic,64,0.865386962890625,1,1,0,0,"descriptive sample frontier, no post-selection inference"
atlas,54,32,2,periodic,64,0.8656005859374999,1,1,0,0,"descriptive sample frontier, no post-selection inference"
atlas,55,32,2,periodic,64,0.8643798828125002,1,1,0,0,"descriptive sample frontier, no post-selection inference"
atlas,56,32,2,periodic,64,0.8656005859374999,1,1,0,0,"descriptive sample frontier, no post-selection inference"
atlas,57,32,2,periodic,64,0.8656005859374999,1,1,0,0,"descriptive sample frontier, no post-selection inference"
atlas,58,32,2,periodic,64,0.865386962890625,1,1,0,0,"descriptive sample frontier, no post-selection inference"
atlas,59,32,2,periodic,64,0.8656005859374999,1,1,0,0,"descriptive sample frontier, no post-selection inference"
atlas,6,32,2,periodic,64,0.8641052246093751,1,1,0,0,"descriptive sample frontier, no post-selection inference"
atlas,60,32,2,periodic,64,0.8656005859374999,1,1,0,0,"descriptive sample frontier, no post-selection inference"
atlas,61,32,2,periodic,64,0.8635559082031248,1,1,0,0,"descriptive sample frontier, no post-selection inference"
atlas,62,32,2,periodic,64,0.8656005859374999,1,1,0,0,"descriptive sample frontier, no post-selection inference"
atlas,63,32,2,periodic,64,0.8656005859374999,1,1,0,0,"descriptive sample frontier, no post-selection inference"
atlas,7,32,2,periodic,64,0.8636779785156249,1,1,0,0,"descriptive sample frontier, no post-selection inference"
atlas,8,32,2,periodic,64,0.8641052246093751,1,1,0,0,"descriptive sample frontier, no post-selection inference"
atlas,9,32,2,periodic,64,0.8641052246093751,1,1,0,0,"descriptive sample frontier, no post-selection inference"
atlas,random-0.5,32,2,periodic,64,0.9064331054687501,0.04618912286452978,0,0,1,"descriptive sample frontier, no post-selection inference"
atlas,0,32,3,periodic,64,0.8231048583984376,1,0.984375,0,0,"descriptive sample frontier, no post-selection inference"
atlas,1,32,3,periodic,64,0.8231048583984376,1,0.984375,0,0,"descriptive sample frontier, no post-selection inference"
atlas,10,32,3,periodic,64,0.8215484619140624,1,0.96875,0,0,"descriptive sample frontier, no post-selection inference"
atlas,11,32,3,periodic,64,0.8231048583984376,1,0.984375,0,0,"descriptive sample frontier, no post-selection inference"
atlas,12,32,3,periodic,64,0.8231048583984376,1,0.984375,0,0,"descriptive sample frontier, no post-selection inference"
atlas,13,32,3,periodic,64,0.8250274658203123,1,0.984375,0,0,"descriptive sample frontier, no post-selection inference"
atlas,14,32,3,periodic,64,0.8231048583984376,1,0.984375,0,0,"descriptive sample frontier, no post-selection inference"
atlas,15,32,3,periodic,64,0.8231048583984376,1,0.984375,0,0,"descriptive sample frontier, no post-selection inference"
atlas,16,32,3,periodic,64,0.8238830566406252,1,0.984375,0,0,"descriptive sample frontier, no post-selection inference"
atlas,17,32,3,periodic,64,0.84246826171875,0.44006679214117156,0,0,0,"descriptive sample frontier, no post-selection inference"
atlas,18,32,3,periodic,64,0.7807617187499996,0.530155763560066,1,0,0,"descriptive sample frontier, no post-selection inference"
atlas,19,32,3,periodic,64,0.8469085693359375,0.05062701198021772,0,1,1,"descriptive sample frontier, no post-selection inference"
atlas,2,32,3,periodic,64,0.8202667236328125,1,1,0,0,"descriptive sample frontier, no post-selection inference"
atlas,20,32,3,periodic,64,0.8238830566406252,1,0.984375,0,0,"descriptive sample frontier, no post-selection inference"
atlas,21,32,3,periodic,64,0.7520599365234375,0.1625411174703255,1,0,0,"descriptive sample frontier, no post-selection inference"
atlas,22,32,3,periodic,64,0.8372039794921873,0.001700664722197935,0.875,1,1,"descriptive sample frontier, no post-selection inference"
atlas,23,32,3,periodic,64,0.7786560058593751,0.5220407243108055,1,0,0,"descriptive sample frontier, no post-selection inference"
atlas,24,32,3,periodic,64,0.8238830566406252,1,0.984375,0,0,"descriptive sample frontier, no post-selection inference"
atlas,25,32,3,periodic,64,0.8458557128906252,0.17130828577251228,0,0,0,"descriptive sample frontier, no post-selection inference"
atlas,26,32,3,periodic,64,0.7566375732421875,0.17722217902794252,1,0,0,"descriptive sample frontier, no post-selection inference"
atlas,27,32,3,periodic,64,0.8410491943359373,0.4267534195385129,0,0,0,"descriptive sample frontier, no post-selection inference"
atlas,28,32,3,periodic,64,0.8238830566406252,1,0.984375,0,0,"descriptive sample frontier, no post-selection inference"
atlas,29,32,3,periodic,64,0.8075866699218752,0.8719354557749378,1,0,0,"descriptive sample frontier, no post-selection inference"
atlas,3,32,3,periodic,64,0.8231048583984376,1,0.984375,0,0,"descriptive sample frontier, no post-selection inference"
atlas,30,32,3,periodic,64,0.8205871582031248,0.9928580936744346,0.984375,0,0,"descriptive sample frontier, no post-selection inference"
atlas,31,32,3,periodic,64,0.8205871582031248,0.9928580936744346,0.984375,0,0,"descriptive sample frontier, no post-selection inference"
atlas,32,32,3,periodic,64,0.8231048583984376,1,0.984375,0,0,"descriptive sample frontier, no post-selection inference"
atlas,33,32,3,periodic,64,0.8450775146484374,0.4386700297333157,0,0,0,"descriptive sample frontier, no post-selection inference"
atlas,34,32,3,periodic,64,0.7826385498046873,0.5318064701081309,1,0,0,"descriptive sample frontier, no post-selection inference"
atlas,35,32,3,periodic,64,0.8432464599609376,0.04174283292837215,0,1,1,"descriptive sample frontier, no post-selection inference"
atlas,36,32,3,periodic,64,0.8231048583984376,1,0.984375,0,0,"descriptive sample frontier, no post-selection inference"
atlas,37,32,3,periodic,64,0.7534332275390625,0.16360471777470828,1,0,0,"descriptive sample frontier, no post-selection inference"
atlas,38,32,3,periodic,64,0.8316650390625001,0.0013164330075868735,0.90625,1,1,"descriptive sample frontier, no post-selection inference"
atlas,39,32,3,periodic,64,0.7797546386718749,0.5270614425773059,1,0,0,"descriptive sample frontier, no post-selection inference"
atlas,4,32,3,periodic,64,0.8231048583984376,1,0.984375,0,0,"descriptive sample frontier, no post-selection inference"
atlas,40,32,3,periodic,64,0.8231048583984376,1,0.984375,0,0,"descriptive sample frontier, no post-selection inference"
atlas,41,32,3,periodic,64,0.8463592529296877,0.19015230783072498,0,0,0,"descriptive sample frontier, no post-selection inference"
atlas,42,32,3,periodic,64,0.7535705566406249,0.17440959769257489,1,0,0,"descriptive sample frontier, no post-selection inference"
atlas,43,32,3,periodic,64,0.8431549072265624,0.4209368179048315,0,0,0,"descriptive sample frontier, no post-selection inference"
atlas,44,32,3,periodic,64,0.8231048583984376,1,0.984375,0,0,"descriptive sample frontier, no post-selection inference"
atlas,45,32,3,periodic,64,0.8049316406250003,0.8677716088099903,1,0,0,"descriptive sample frontier, no post-selection inference"
atlas,46,32,3,periodic,64,0.8238830566406253,0.9928870322824612,0.984375,0,0,"descriptive sample frontier, no post-selection inference"
atlas,47,32,3,periodic,64,0.8238830566406253,0.9928870322824612,0.984375,0,0,"descriptive sample frontier, no post-selection inference"
atlas,48,32,3,periodic,64,0.8238830566406252,1,0.984375,0,0,"descriptive sample frontier, no post-selection inference"
atlas,49,32,3,periodic,64,0.8238830566406252,1,0.984375,0,0,"descriptive sample frontier, no post-selection inference"
atlas,5,32,3,periodic,64,0.8215484619140624,1,0.96875,0,0,"descriptive sample frontier, no post-selection inference"
atlas,50,32,3,periodic,64,0.8227844238281249,1,0.984375,0,0,"descriptive sample frontier, no post-selection inference"
atlas,51,32,3,periodic,64,0.8238830566406252,1,0.984375,0,0,"descriptive sample frontier, no post-selection inference"
atlas,52,32,3,periodic,64,0.8238830566406252,1,0.984375,0,0,"descriptive sample frontier, no post-selection inference"
atlas,53,32,3,periodic,64,0.8230590820312499,1,1,0,0,"descriptive sample frontier, no post-selection inference"
atlas,54,32,3,periodic,64,0.8238830566406252,1,0.984375,0,0,"descriptive sample frontier, no post-selection inference"
atlas,55,32,3,periodic,64,0.8242034912109372,1,1,0,0,"descriptive sample frontier, no post-selection inference"
atlas,56,32,3,periodic,64,0.8238830566406252,1,0.984375,0,0,"descriptive sample frontier, no post-selection inference"
atlas,57,32,3,periodic,64,0.8238830566406252,1,0.984375,0,0,"descriptive sample frontier, no post-selection inference"
atlas,58,32,3,periodic,64,0.8230590820312499,1,1,0,0,"descriptive sample frontier, no post-selection inference"
atlas,59,32,3,periodic,64,0.8238830566406252,1,0.984375,0,0,"descriptive sample frontier, no post-selection inference"
atlas,6,32,3,periodic,64,0.8231048583984376,1,0.984375,0,0,"descriptive sample frontier, no post-selection inference"
atlas,60,32,3,periodic,64,0.8238830566406252,1,0.984375,0,0,"descriptive sample frontier, no post-selection inference"
atlas,61,32,3,periodic,64,0.8230590820312498,1,0.984375,0,0,"descriptive sample frontier, no post-selection inference"
atlas,62,32,3,periodic,64,0.8238830566406252,1,0.984375,0,0,"descriptive sample frontier, no post-selection inference"
atlas,63,32,3,periodic,64,0.8238830566406252,1,0.984375,0,0,"descriptive sample frontier, no post-selection inference"
atlas,7,32,3,periodic,64,0.8263549804687499,1,1,0,0,"descriptive sample frontier, no post-selection inference"
atlas,8,32,3,periodic,64,0.8231048583984376,1,0.984375,0,0,"descriptive sample frontier, no post-selection inference"
atlas,9,32,3,periodic,64,0.8231048583984376,1,0.984375,0,0,"descriptive sample frontier, no post-selection inference"
atlas,random-0.5,32,3,periodic,64,0.8480529785156251,0.0803589222877375,0,1,1,"descriptive sample frontier, no post-selection inference"
atlas,0,32,4,periodic,64,0.8037109375000001,1,0.671875,0,0,"descriptive sample frontier, no post-selection inference"
atlas,1,32,4,periodic,64,0.8037109375000001,1,0.671875,0,0,"descriptive sample frontier, no post-selection inference"
atlas,10,32,4,periodic,64,0.8045043945312498,1,0.65625,0,0,"descriptive sample frontier, no post-selection inference"
atlas,11,32,4,periodic,64,0.8037109375000001,1,0.671875,0,0,"descriptive sample frontier, no post-selection inference"
atlas,12,32,4,periodic,64,0.8037109375000001,1,0.671875,0,0,"descriptive sample frontier, no post-selection inference"
atlas,13,32,4,periodic,64,0.8055419921875001,1,0.734375,0,0,"descriptive sample frontier, no post-selection inference"
atlas,14,32,4,periodic,64,0.8037109375000001,1,0.671875,0,0,"descriptive sample frontier, no post-selection inference"
atlas,15,32,4,periodic,64,0.8037109375000001,1,0.671875,0,0,"descriptive sample frontier, no post-selection inference"
atlas,16,32,4,periodic,64,0.80316162109375,1,0.703125,0,0,"descriptive sample frontier, no post-selection inference"
atlas,17,32,4,periodic,64,0.80902099609375,0.5094230530534494,0,0,0,"descriptive sample frontier, no post-selection inference"
atlas,18,32,4,periodic,64,0.7391967773437502,0.5657336082999069,1,0,0,"descriptive sample frontier, no post-selection inference"
atlas,19,32,4,periodic,64,0.8101806640624999,0.07133814675846772,0,1,1,"descriptive sample frontier, no post-selection inference"
atlas,2,32,4,periodic,64,0.80224609375,1,0.671875,0,0,"descriptive sample frontier, no post-selection inference"
atlas,20,32,4,periodic,64,0.80316162109375,1,0.703125,0,0,"descriptive sample frontier, no post-selection inference"
atlas,21,32,4,periodic,64,0.6942138671875001,0.1790309909664872,1,0,0,"descriptive sample frontier, no post-selection inference"
atlas,22,32,4,periodic,64,0.7946166992187502,0.001776091576232813,0.75,1,1,"descriptive sample frontier, no post-selection inference"
atlas,23,32,4,periodic,64,0.7379760742187501,0.5573304101811708,1,0,0,"descriptive sample frontier, no post-selection inference"
atlas,24,32,4,periodic,64,0.80316162109375,1,0.703125,0,0,"descriptive sample frontier, no post-selection inference"
atlas,25,32,4,periodic,64,0.80743408203125,0.262588018160826,0,0,0,"descriptive sample frontier, no post-selection inference"
atlas,26,32,4,periodic,64,0.69549560546875,0.2003954957843318,1,0,0,"descriptive sample frontier, no post-selection inference"
atlas,27,32,4,periodic,64,0.80755615234375,0.4908603695325564,0,0,0,"descriptive sample frontier, no post-selection inference"
atlas,28,32,4,periodic,64,0.80316162109375,1,0.703125,0,0,"descriptive sample frontier, no post-selection inference"
atlas,29,32,4,periodic,64,0.776611328125,0.8627456481615755,0.96875,0,0,"descriptive sample frontier, no post-selection inference"
atlas,3,32,4,periodic,64,0.8037109375000001,1,0.671875,0,0,"descriptive sample frontier, no post-selection inference"
atlas,30,32,4,periodic,64,0.80364990234375,0.9902755408175109,0.71875,0,0,"descriptive sample frontier, no post-selection inference"
atlas,31,32,4,periodic,64,0.80364990234375,0.9902755408175109,0.71875,0,0,"descriptive sample frontier, no post-selection inference"
atlas,32,32,4,periodic,64,0.8037109375000001,1,0.671875,0,0,"descriptive sample frontier, no post-selection inference"
atlas,33,32,4,periodic,64,0.8041381835937501,0.5142127925408418,0,0,0,"descriptive sample frontier, no post-selection inference"
atlas,34,32,4,periodic,64,0.7411499023437498,0.564536754543655,1,0,0,"descriptive sample frontier, no post-selection inference"
atlas,35,32,4,periodic,64,0.8098144531250001,0.06994779051161272,0,1,1,"descriptive sample frontier, no post-selection inference"
atlas,36,32,4,periodic,64,0.8037109375000001,1,0.671875,0,0,"descriptive sample frontier, no post-selection inference"
atlas,37,32,4,periodic,64,0.6934204101562501,0.1801559544157551,1,0,0,"descriptive sample frontier, no post-selection inference"
atlas,38,32,4,periodic,64,0.7947387695312501,0.0031429770724748928,0.890625,1,1,"descriptive sample frontier, no post-selection inference"
atlas,39,32,4,periodic,64,0.7403564453125,0.5630040631339253,1,0,0,"descriptive sample frontier, no post-selection inference"
atlas,4,32,4,periodic,64,0.8037109375000001,1,0.671875,0,0,"descriptive sample frontier, no post-selection inference"
atlas,40,32,4,periodic,64,0.8037109375000001,1,0.671875,0,0,"descriptive sample frontier, no post-selection inference"
atlas,41,32,4,periodic,64,0.8096923828125002,0.28361001345604264,0,0,0,"descriptive sample frontier, no post-selection inference"
atlas,42,32,4,periodic,64,0.6967163085937501,0.2033890948172584,1,0,0,"descriptive sample frontier, no post-selection inference"
atlas,43,32,4,periodic,64,0.8078002929687497,0.48825989428971617,0,0,0,"descriptive sample frontier, no post-selection inference"
atlas,44,32,4,periodic,64,0.8037109375000001,1,0.671875,0,0,"descriptive sample frontier, no post-selection inference"
atlas,45,32,4,periodic,64,0.7712402343750001,0.8616576755529032,1,0,0,"descriptive sample frontier, no post-selection inference"
atlas,46,32,4,periodic,64,0.8017578125000001,0.9902529081804327,0.796875,0,0,"descriptive sample frontier, no post-selection inference"
atlas,47,32,4,periodic,64,0.8017578125000001,0.9902529081804327,0.796875,0,0,"descriptive sample frontier, no post-selection inference"
atlas,48,32,4,periodic,64,0.80316162109375,1,0.703125,0,0,"descriptive sample frontier, no post-selection inference"
atlas,49,32,4,periodic,64,0.80316162109375,1,0.703125,0,0,"descriptive sample frontier, no post-selection inference"
atlas,5,32,4,periodic,64,0.8045043945312498,1,0.65625,0,0,"descriptive sample frontier, no post-selection inference"
atlas,50,32,4,periodic,64,0.8036499023437499,1,0.671875,0,0,"descriptive sample frontier, no post-selection inference"
atlas,51,32,4,periodic,64,0.80316162109375,1,0.703125,0,0,"descriptive sample frontier, no post-selection inference"
atlas,52,32,4,periodic,64,0.80316162109375,1,0.703125,0,0,"descriptive sample frontier, no post-selection inference"
atlas,53,32,4,periodic,64,0.8034667968750002,1,0.671875,0,0,"descriptive sample frontier, no post-selection inference"
atlas,54,32,4,periodic,64,0.80316162109375,1,0.703125,0,0,"descriptive sample frontier, no post-selection inference"
atlas,55,32,4,periodic,64,0.8040771484375002,1,0.640625,0,0,"descriptive sample frontier, no post-selection inference"
atlas,56,32,4,periodic,64,0.80316162109375,1,0.703125,0,0,"descriptive sample frontier, no post-selection inference"
atlas,57,32,4,periodic,64,0.80316162109375,1,0.703125,0,0,"descriptive sample frontier, no post-selection inference"
atlas,58,32,4,periodic,64,0.8034667968750002,1,0.671875,0,0,"descriptive sample frontier, no post-selection inference"
atlas,59,32,4,periodic,64,0.80316162109375,1,0.703125,0,0,"descriptive sample frontier, no post-selection inference"
atlas,6,32,4,periodic,64,0.8037109375000001,1,0.671875,0,0,"descriptive sample frontier, no post-selection inference"
atlas,60,32,4,periodic,64,0.80316162109375,1,0.703125,0,0,"descriptive sample frontier, no post-selection inference"
atlas,61,32,4,periodic,64,0.79925537109375,1,0.75,0,0,"descriptive sample frontier, no post-selection inference"
atlas,62,32,4,periodic,64,0.80316162109375,1,0.703125,0,0,"descriptive sample frontier, no post-selection inference"
atlas,63,32,4,periodic,64,0.80316162109375,1,0.703125,0,0,"descriptive sample frontier, no post-selection inference"
atlas,7,32,4,periodic,64,0.8041992187500001,1,0.625,0,0,"descriptive sample frontier, no post-selection inference"
atlas,8,32,4,periodic,64,0.8037109375000001,1,0.671875,0,0,"descriptive sample frontier, no post-selection inference"
atlas,9,32,4,periodic,64,0.8037109375000001,1,0.671875,0,0,"descriptive sample frontier, no post-selection inference"
atlas,random-0.5,32,4,periodic,64,0.8082885742187497,0.0993264841942563,0,0,1,"descriptive sample frontier, no post-selection inference"
atlas,0,32,8,periodic,64,0.7708740234374999,1,0,0,0,"descriptive sample frontier, no post-selection inference"
atlas,1,32,8,periodic,64,0.7708740234374999,1,0,0,0,"descriptive sample frontier, no post-selection inference"
atlas,10,32,8,periodic,64,0.7707519531249998,1,0,0,0,"descriptive sample frontier, no post-selection inference"
atlas,11,32,8,periodic,64,0.7708740234374999,1,0,0,0,"descriptive sample frontier, no post-selection inference"
atlas,12,32,8,periodic,64,0.7708740234374999,1,0,0,0,"descriptive sample frontier, no post-selection inference"
atlas,13,32,8,periodic,64,0.770751953125,1,0,0,0,"descriptive sample frontier, no post-selection inference"
atlas,14,32,8,periodic,64,0.7708740234374999,1,0,0,0,"descriptive sample frontier, no post-selection inference"
atlas,15,32,8,periodic,64,0.7708740234374999,1,0,0,0,"descriptive sample frontier, no post-selection inference"
atlas,16,32,8,periodic,64,0.77099609375,1,0,0,0,"descriptive sample frontier, no post-selection inference"
atlas,17,32,8,periodic,64,0.7540283203125001,0.7344444633359217,0,0,0,"descriptive sample frontier, no post-selection inference"
atlas,18,32,8,periodic,64,0.6668701171875,0.6867768481713723,1,0,0,"descriptive sample frontier, no post-selection inference"
atlas,19,32,8,periodic,64,0.7491455078125,0.17757841755678241,0,1,0,"descriptive sample frontier, no post-selection inference"
atlas,2,32,8,periodic,64,0.7714843750000002,1,0.046875,0,0,"descriptive sample frontier, no post-selection inference"
atlas,20,32,8,periodic,64,0.77099609375,1,0,0,0,"descriptive sample frontier, no post-selection inference"
atlas,21,32,8,periodic,64,0.5551757812500001,0.22343860978917005,1,0,0,"descriptive sample frontier, no post-selection inference"
atlas,22,32,8,periodic,64,0.7037353515624999,0.0061718216439819226,0.828125,0,1,"descriptive sample frontier, no post-selection inference"
atlas,23,32,8,periodic,64,0.6492919921875001,0.6638529520135187,1,0,0,"descriptive sample frontier, no post-selection inference"
atlas,24,32,8,periodic,64,0.77099609375,1,0,0,0,"descriptive sample frontier, no post-selection inference"
atlas,25,32,8,periodic,64,0.7539062499999999,0.5911094244688176,0,1,0,"descriptive sample frontier, no post-selection inference"
atlas,26,32,8,periodic,64,0.5894775390625003,0.3046492068577244,1,0,0,"descriptive sample frontier, no post-selection inference"
atlas,27,32,8,periodic,64,0.7490234375000001,0.5921415531267976,0,0,0,"descriptive sample frontier, no post-selection inference"
atlas,28,32,8,periodic,64,0.77099609375,1,0,0,0,"descriptive sample frontier, no post-selection inference"
atlas,29,32,8,periodic,64,0.6623535156249999,0.7658136170510199,0.921875,0,0,"descriptive sample frontier, no post-selection inference"
atlas,3,32,8,periodic,64,0.7708740234374999,1,0,0,0,"descriptive sample frontier, no post-selection inference"
atlas,30,32,8,periodic,64,0.7581787109375,0.9793836588697028,0.203125,1,0,"descriptive sample frontier, no post-selection inference"
atlas,31,32,8,periodic,64,0.7581787109375,0.9793836588697028,0.203125,1,0,"descriptive sample frontier, no post-selection inference"
atlas,32,32,8,periodic,64,0.7708740234374999,1,0,0,0,"descriptive sample frontier, no post-selection inference"
atlas,33,32,8,periodic,64,0.7553710937500001,0.7328906069363976,0,1,0,"descriptive sample frontier, no post-selection inference"
atlas,34,32,8,periodic,64,0.6597900390625001,0.6752197830270132,1,0,0,"descriptive sample frontier, no post-selection inference"
atlas,35,32,8,periodic,64,0.7485351562499999,0.17214295616386122,0,1,0,"descriptive sample frontier, no post-selection inference"
atlas,36,32,8,periodic,64,0.7708740234374999,1,0,0,0,"descriptive sample frontier, no post-selection inference"
atlas,37,32,8,periodic,64,0.5616455078124998,0.2304837246335303,1,0,0,"descriptive sample frontier, no post-selection inference"
atlas,38,32,8,periodic,64,0.7083740234375003,0.005749725499102649,0.875,1,1,"descriptive sample frontier, no post-selection inference"
atlas,39,32,8,periodic,64,0.656982421875,0.6541262098930517,0.984375,0,0,"descriptive sample frontier, no post-selection inference"
atlas,4,32,8,periodic,64,0.7708740234374999,1,0,0,0,"descriptive sample frontier, no post-selection inference"
atlas,40,32,8,periodic,64,0.7708740234374999,1,0,0,0,"descriptive sample frontier, no post-selection inference"
atlas,41,32,8,periodic,64,0.7536621093750001,0.6075016863739403,0,0,0,"descriptive sample frontier, no post-selection inference"
atlas,42,32,8,periodic,64,0.5843505859375002,0.30140810831969095,1,0,0,"descriptive sample frontier, no post-selection inference"
atlas,43,32,8,periodic,64,0.7486572265625002,0.5954405876163614,0,0,0,"descriptive sample frontier, no post-selection inference"
atlas,44,32,8,periodic,64,0.7708740234374999,1,0,0,0,"descriptive sample frontier, no post-selection inference"
atlas,45,32,8,periodic,64,0.6611328125,0.7678108960462472,0.90625,0,0,"descriptive sample frontier, no post-selection inference"
atlas,46,32,8,periodic,64,0.7623291015624998,0.9794962465632208,0.390625,1,0,"descriptive sample frontier, no post-selection inference"
atlas,47,32,8,periodic,64,0.7623291015624998,0.9794962465632208,0.390625,1,0,"descriptive sample frontier, no post-selection inference"
atlas,48,32,8,periodic,64,0.77099609375,1,0,0,0,"descriptive sample frontier, no post-selection inference"
atlas,49,32,8,periodic,64,0.77099609375,1,0,0,0,"descriptive sample frontier, no post-selection inference"
atlas,5,32,8,periodic,64,0.7707519531249998,1,0,0,0,"descriptive sample frontier, no post-selection inference"
atlas,50,32,8,periodic,64,0.7691650390624999,1,0,0,0,"descriptive sample frontier, no post-selection inference"
atlas,51,32,8,periodic,64,0.77099609375,1,0,0,0,"descriptive sample frontier, no post-selection inference"
atlas,52,32,8,periodic,64,0.77099609375,1,0,0,0,"descriptive sample frontier, no post-selection inference"
atlas,53,32,8,periodic,64,0.7735595703124999,1,0,1,0,"descriptive sample frontier, no post-selection inference"
atlas,54,32,8,periodic,64,0.77099609375,1,0,0,0,"descriptive sample frontier, no post-selection inference"
atlas,55,32,8,periodic,64,0.77001953125,1,0,0,0,"descriptive sample frontier, no post-selection inference"
atlas,56,32,8,periodic,64,0.77099609375,1,0,0,0,"descriptive sample frontier, no post-selection inference"
atlas,57,32,8,periodic,64,0.77099609375,1,0,0,0,"descriptive sample frontier, no post-selection inference"
atlas,58,32,8,periodic,64,0.7735595703124999,1,0,1,0,"descriptive sample frontier, no post-selection inference"
atlas,59,32,8,periodic,64,0.77099609375,1,0,0,0,"descriptive sample frontier, no post-selection inference"
atlas,6,32,8,periodic,64,0.7708740234374999,1,0,0,0,"descriptive sample frontier, no post-selection inference"
atlas,60,32,8,periodic,64,0.77099609375,1,0,0,0,"descriptive sample frontier, no post-selection inference"
atlas,61,32,8,periodic,64,0.7712402343750001,1,0,0,0,"descriptive sample frontier, no post-selection inference"
atlas,62,32,8,periodic,64,0.77099609375,1,0,0,0,"descriptive sample frontier, no post-selection inference"
atlas,63,32,8,periodic,64,0.77099609375,1,0,0,0,"descriptive sample frontier, no post-selection inference"
atlas,7,32,8,periodic,64,0.7723388671875002,1,0.015625,0,0,"descriptive sample frontier, no post-selection inference"
atlas,8,32,8,periodic,64,0.7708740234374999,1,0,0,0,"descriptive sample frontier, no post-selection inference"
atlas,9,32,8,periodic,64,0.7708740234374999,1,0,0,0,"descriptive sample frontier, no post-selection inference"
atlas,random-0.5,32,8,periodic,64,0.7479248046875,0.2077099696863416,0,0,0,"descriptive sample frontier, no post-selection inference"
confirmation,0,64,2,periodic,512,0.864872932434082,1,1,0,0,"descriptive sample frontier, no post-selection inference"
confirmation,33,64,2,periodic,512,0.904387474060059,0.36762791829609814,0,0,0,"descriptive sample frontier, no post-selection inference"
confirmation,34,64,2,periodic,512,0.8509521484375007,0.47425176867837326,1,0,0,"descriptive sample frontier, no post-selection inference"
confirmation,35,64,2,periodic,512,0.9065570831298824,0.01640047623211108,0,1,1,"descriptive sample frontier, no post-selection inference"
confirmation,37,64,2,periodic,512,0.8399677276611328,0.12772030896930311,1,0,0,"descriptive sample frontier, no post-selection inference"
confirmation,38,64,2,periodic,512,0.9030838012695307,0.0002661104713920193,0.91796875,1,1,"descriptive sample frontier, no post-selection inference"
confirmation,39,64,2,periodic,512,0.8506870269775388,0.4737061590587737,1,0,0,"descriptive sample frontier, no post-selection inference"
confirmation,41,64,2,periodic,512,0.9066858291625978,0.05686685320224355,0,0,1,"descriptive sample frontier, no post-selection inference"
confirmation,42,64,2,periodic,512,0.8400583267211915,0.1289642274872408,1,0,0,"descriptive sample frontier, no post-selection inference"
confirmation,43,64,2,periodic,512,0.9044942855834956,0.36552701902290397,0,0,0,"descriptive sample frontier, no post-selection inference"
confirmation,45,64,2,periodic,512,0.8616476058959952,0.9483626629198738,1,0,0,"descriptive sample frontier, no post-selection inference"
confirmation,46,64,2,periodic,512,0.86413288116455,0.998869865412889,1,0,0,"descriptive sample frontier, no post-selection inference"
confirmation,47,64,2,periodic,512,0.86413288116455,0.998869865412889,1,0,0,"descriptive sample frontier, no post-selection inference"
confirmation,random-0.1,64,2,periodic,512,0.89952850341797,0.7517589768975295,0,0,0,"descriptive sample frontier, no post-selection inference"
confirmation,random-0.2,64,2,periodic,512,0.9025163650512686,0.5685697998105027,0,0,0,"descriptive sample frontier, no post-selection inference"
confirmation,random-0.3,64,2,periodic,512,0.9048309326171873,0.38198136833241353,0,0,0,"descriptive sample frontier, no post-selection inference"
confirmation,random-0.4,64,2,periodic,512,0.9064893722534187,0.19166221830618904,0,0,0,"descriptive sample frontier, no post-selection inference"
confirmation,random-0.5,64,2,periodic,512,0.9068374633789053,0.02017384860867596,0,1,1,"descriptive sample frontier, no post-selection inference"
confirmation,random-0.6,64,2,periodic,512,0.9062738418579097,0.1919495554342721,0,0,0,"descriptive sample frontier, no post-selection inference"
confirmation,random-0.7,64,2,periodic,512,0.9048061370849607,0.38162938696920135,0,0,0,"descriptive sample frontier, no post-selection inference"
confirmation,random-0.8,64,2,periodic,512,0.9023427963256831,0.568858668601241,0,0,0,"descriptive sample frontier, no post-selection inference"
confirmation,random-0.9,64,2,periodic,512,0.899374008178712,0.7522533004149301,0,0,0,"descriptive sample frontier, no post-selection inference"
confirmation,0,64,3,periodic,512,0.8236455917358391,1,1,0,0,"descriptive sample frontier, no post-selection inference"
confirmation,33,64,3,periodic,512,0.8429388999938962,0.4433247460783503,0,0,0,"descriptive sample frontier, no post-selection inference"
confirmation,34,64,3,periodic,512,0.7811236381530756,0.5305859346981314,1,0,0,"descriptive sample frontier, no post-selection inference"
confirmation,35,64,3,periodic,512,0.8466825485229489,0.024773624232212268,0,1,1,"descriptive sample frontier, no post-selection inference"
confirmation,37,64,3,periodic,512,0.7526950836181646,0.1644840396620217,1,0,0,"descriptive sample frontier, no post-selection inference"
confirmation,38,64,3,periodic,512,0.8400049209594722,0.0004259750786377247,0.923828125,1,1,"descriptive sample frontier, no post-selection inference"
confirmation,39,64,3,periodic,512,0.7812395095825191,0.5294265788448714,1,0,0,"descriptive sample frontier, no post-selection inference"
confirmation,41,64,3,periodic,512,0.8461132049560548,0.11132840929820455,0,0,0,"descriptive sample frontier, no post-selection inference"
confirmation,42,64,3,periodic,512,0.7527451515197762,0.16773491640943086,1,0,0,"descriptive sample frontier, no post-selection inference"
confirmation,43,64,3,periodic,512,0.8430390357971189,0.4393800061562256,0,0,0,"descriptive sample frontier, no post-selection inference"
confirmation,45,64,3,periodic,512,0.8149766921997068,0.937101842415115,1,0,0,"descriptive sample frontier, no post-selection inference"
confirmation,46,64,3,periodic,512,0.8239316940307613,0.9982220541276358,1,0,0,"descriptive sample frontier, no post-selection inference"
confirmation,47,64,3,periodic,512,0.8239316940307613,0.9982220541276358,1,0,0,"descriptive sample frontier, no post-selection inference"
confirmation,random-0.1,64,3,periodic,512,0.8379120826721193,0.8075870327527133,0,0,0,"descriptive sample frontier, no post-selection inference"
confirmation,random-0.2,64,3,periodic,512,0.8402037620544434,0.6273787538964004,0,0,0,"descriptive sample frontier, no post-selection inference"
confirmation,random-0.3,64,3,periodic,512,0.8437099456787112,0.4253488897193906,0,0,0,"descriptive sample frontier, no post-selection inference"
confirmation,random-0.4,64,3,periodic,512,0.8458156585693353,0.21495737556309844,0,0,0,"descriptive sample frontier, no post-selection inference"
confirmation,random-0.5,64,3,periodic,512,0.8468499183654786,0.03168359096559619,0,1,1,"descriptive sample frontier, no post-selection inference"
confirmation,random-0.6,64,3,periodic,512,0.8454837799072268,0.21399494074322534,0,0,0,"descriptive sample frontier, no post-selection inference"
confirmation,random-0.7,64,3,periodic,512,0.8436770439147946,0.4245534050586896,0,0,0,"descriptive sample frontier, no post-selection inference"
confirmation,random-0.8,64,3,periodic,512,0.8406529426574705,0.6240609340205865,0,0,0,"descriptive sample frontier, no post-selection inference"
confirmation,random-0.9,64,3,periodic,512,0.8375873565673833,0.808953543758611,0,0,0,"descriptive sample frontier, no post-selection inference"
confirmation,0,64,4,periodic,512,0.8042507171630858,1,0.984375,0,0,"descriptive sample frontier, no post-selection inference"
confirmation,33,64,4,periodic,512,0.8070735931396481,0.5229116829425704,0,0,0,"descriptive sample frontier, no post-selection inference"
confirmation,34,64,4,periodic,512,0.7394390106201174,0.5690509859120542,1,0,0,"descriptive sample frontier, no post-selection inference"
confirmation,35,64,4,periodic,512,0.8107109069824223,0.035509571165771706,0,1,1,"descriptive sample frontier, no post-selection inference"
confirmation,37,64,4,periodic,512,0.69426155090332,0.18093665078051643,1,0,0,"descriptive sample frontier, no post-selection inference"
confirmation,38,64,4,periodic,512,0.8010044097900394,0.0006266141175361231,0.9375,1,1,"descriptive sample frontier, no post-selection inference"
confirmation,39,64,4,periodic,512,0.7389984130859371,0.5668907780997454,1,0,0,"descriptive sample frontier, no post-selection inference"
confirmation,41,64,4,periodic,512,0.8100757598876954,0.18658035971262135,0,0,0,"descriptive sample frontier, no post-selection inference"
confirmation,42,64,4,periodic,512,0.6947402954101567,0.18724080693137016,1,0,0,"descriptive sample frontier, no post-selection inference"
confirmation,43,64,4,periodic,512,0.8073482513427729,0.5158856369008682,0,0,0,"descriptive sample frontier, no post-selection inference"
confirmation,45,64,4,periodic,512,0.78653907775879,0.9256658091008462,0.998046875,0,0,"descriptive sample frontier, no post-selection inference"
confirmation,46,64,4,periodic,512,0.8031692504882801,0.9975680808400552,0.994140625,0,0,"descriptive sample frontier, no post-selection inference"
confirmation,47,64,4,periodic,512,0.8031692504882801,0.9975680808400552,0.994140625,0,0,"descriptive sample frontier, no post-selection inference"
confirmation,random-0.1,64,4,periodic,512,0.8051433563232414,0.84945490812651,0,0,0,"descriptive sample frontier, no post-selection inference"
confirmation,random-0.2,64,4,periodic,512,0.8057060241699221,0.668327765158196,0,0,0,"descriptive sample frontier, no post-selection inference"
confirmation,random-0.3,64,4,periodic,512,0.8073959350585933,0.465057603369343,0,0,0,"descriptive sample frontier, no post-selection inference"
confirmation,random-0.4,64,4,periodic,512,0.8095436096191407,0.235958698093091,0,0,0,"descriptive sample frontier, no post-selection inference"
confirmation,random-0.5,64,4,periodic,512,0.8099937438964845,0.04581878240422618,0,0,1,"descriptive sample frontier, no post-selection inference"
confirmation,random-0.6,64,4,periodic,512,0.8098583221435544,0.2334608371608282,0,0,0,"descriptive sample frontier, no post-selection inference"
confirmation,random-0.7,64,4,periodic,512,0.8079948425292969,0.46589884405644716,0,0,0,"descriptive sample frontier, no post-selection inference"
confirmation,random-0.8,64,4,periodic,512,0.8052158355712896,0.6700729873632497,0,0,0,"descriptive sample frontier, no post-selection inference"
confirmation,random-0.9,64,4,periodic,512,0.8049983978271481,0.8509686344131671,0,0,0,"descriptive sample frontier, no post-selection inference"
confirmation,0,64,8,periodic,512,0.7755622863769526,1,0.025390625,1,0,"descriptive sample frontier, no post-selection inference"
confirmation,33,64,8,periodic,512,0.7549324035644535,0.7477867078016633,0,1,0,"descriptive sample frontier, no post-selection inference"
confirmation,34,64,8,periodic,512,0.6572227478027343,0.6540449255072156,1,0,0,"descriptive sample frontier, no post-selection inference"
confirmation,35,64,8,periodic,512,0.7478523254394525,0.0771571342380244,0,1,1,"descriptive sample frontier, no post-selection inference"
confirmation,37,64,8,periodic,512,0.5598564147949222,0.17884674793826819,1,0,0,"descriptive sample frontier, no post-selection inference"
confirmation,38,64,8,periodic,512,0.724597930908204,0.0014192956903776805,0.94921875,1,1,"descriptive sample frontier, no post-selection inference"
confirmation,39,64,8,periodic,512,0.6574287414550783,0.6503476305813123,1,0,0,"descriptive sample frontier, no post-selection inference"
confirmation,41,64,8,periodic,512,0.7505187988281248,0.5064291550462121,0,1,0,"descriptive sample frontier, no post-selection inference"
confirmation,42,64,8,periodic,512,0.5671157836914065,0.2137463642018276,1,0,0,"descriptive sample frontier, no post-selection inference"
confirmation,43,64,8,periodic,512,0.7531166076660151,0.7079386431140342,0,1,0,"descriptive sample frontier, no post-selection inference"
confirmation,45,64,8,periodic,512,0.7122917175292967,0.882688785798574,0.970703125,0,0,"descriptive sample frontier, no post-selection inference"
confirmation,46,64,8,periodic,512,0.7715759277343752,0.9949366737055843,0.267578125,1,0,"descriptive sample frontier, no post-selection inference"
confirmation,47,64,8,periodic,512,0.7715759277343752,0.9949366737055843,0.267578125,1,0,"descriptive sample frontier, no post-selection inference"
confirmation,random-0.1,64,8,periodic,512,0.7605438232421875,0.9161360939974919,0,1,0,"descriptive sample frontier, no post-selection inference"
confirmation,random-0.2,64,8,periodic,512,0.7515144348144532,0.7630553175640498,0,0,0,"descriptive sample frontier, no post-selection inference"
confirmation,random-0.3,64,8,periodic,512,0.748130798339843,0.5438573802607827,0,0,0,"descriptive sample frontier, no post-selection inference"
confirmation,random-0.4,64,8,periodic,512,0.7477874755859371,0.2796691130358586,0,0,0,"descriptive sample frontier, no post-selection inference"
confirmation,random-0.5,64,8,periodic,512,0.7484512329101556,0.11284096388648751,0,1,0,"descriptive sample frontier, no post-selection inference"
confirmation,random-0.6,64,8,periodic,512,0.7478981018066407,0.292098577342622,0,0,0,"descriptive sample frontier, no post-selection inference"
confirmation,random-0.7,64,8,periodic,512,0.748355865478516,0.5544606579626865,0,0,0,"descriptive sample frontier, no post-selection inference"
confirmation,random-0.8,64,8,periodic,512,0.7523994445800783,0.7703118082287552,0,0,0,"descriptive sample frontier, no post-selection inference"
confirmation,random-0.9,64,8,periodic,512,0.7603988647460929,0.9191495551145064,0,0,0,"descriptive sample frontier, no post-selection inference"
finite_size,0,128,2,periodic,128,0.8645248413085936,1,1,0,0,"descriptive sample frontier, no post-selection inference"
finite_size,35,128,2,periodic,128,0.9065284729003905,0.007386395735068431,0,1,1,"descriptive sample frontier, no post-selection inference"
finite_size,38,128,2,periodic,128,0.9045639038085936,0.00006536787779873643,0.9609375,1,1,"descriptive sample frontier, no post-selection inference"
finite_size,41,128,2,periodic,128,0.9071264266967775,0.031071957038980764,0,1,1,"descriptive sample frontier, no post-selection inference"
finite_size,random-0.5,128,2,periodic,128,0.9067907333374025,0.010626280697890277,0,1,1,"descriptive sample frontier, no post-selection inference"
finite_size,0,128,4,periodic,128,0.8036098480224608,1,1,0,0,"descriptive sample frontier, no post-selection inference"
finite_size,35,128,4,periodic,128,0.8109989166259765,0.01681924431536259,0,1,1,"descriptive sample frontier, no post-selection inference"
finite_size,38,128,4,periodic,128,0.8057804107666016,0.00013972607087032869,0.9921875,1,1,"descriptive sample frontier, no post-selection inference"
finite_size,41,128,4,periodic,128,0.809940338134766,0.12317538637999542,0,0,0,"descriptive sample frontier, no post-selection inference"
finite_size,random-0.5,128,4,periodic,128,0.8104839324951176,0.025694884478008745,0,0,1,"descriptive sample frontier, no post-selection inference"
finite_size,0,128,8,periodic,128,0.7751312255859375,1,0.0703125,1,0,"descriptive sample frontier, no post-selection inference"
finite_size,35,128,8,periodic,128,0.7479286193847653,0.03620562047280215,0,1,1,"descriptive sample frontier, no post-selection inference"
finite_size,38,128,8,periodic,128,0.7373504638671872,0.0003307755188265866,0.9609375,1,1,"descriptive sample frontier, no post-selection inference"
finite_size,41,128,8,periodic,128,0.7486343383789064,0.41818888071039717,0,1,0,"descriptive sample frontier, no post-selection inference"
finite_size,random-0.5,128,8,periodic,128,0.7477188110351565,0.05260675799546493,0,0,1,"descriptive sample frontier, no post-selection inference"
finite_size,0,16,2,periodic,128,0.8636474609374999,1,0.984375,0,0,"descriptive sample frontier, no post-selection inference"
finite_size,35,16,2,periodic,128,0.9058837890625001,0.062016234872670224,0,1,1,"descriptive sample frontier, no post-selection inference"
finite_size,38,16,2,periodic,128,0.8926391601562498,0.004319923147970522,0.7265625,1,1,"descriptive sample frontier, no post-selection inference"
finite_size,41,16,2,periodic,128,0.9051513671875002,0.17170421632390442,0,0,0,"descriptive sample frontier, no post-selection inference"
finite_size,random-0.5,16,2,periodic,128,0.9064941406249998,0.08521103155581573,0,1,1,"descriptive sample frontier, no post-selection inference"
finite_size,0,16,4,periodic,128,0.8010253906249997,1,0.234375,0,0,"descriptive sample frontier, no post-selection inference"
finite_size,35,16,4,periodic,128,0.8120117187499999,0.1351136258247838,0,1,0,"descriptive sample frontier, no post-selection inference"
finite_size,38,16,4,periodic,128,0.7734375000000003,0.011423098192628212,0.6953125,1,1,"descriptive sample frontier, no post-selection inference"
finite_size,41,16,4,periodic,128,0.80712890625,0.44726854423442797,0,0,0,"descriptive sample frontier, no post-selection inference"
finite_size,random-0.5,16,4,periodic,128,0.8096923828125001,0.1948929610798378,0,0,0,"descriptive sample frontier, no post-selection inference"
finite_size,0,16,8,periodic,128,1,1,0,1,0,"descriptive sample frontier, no post-selection inference"
finite_size,35,16,8,periodic,128,0.7675781250000002,0.38319977463226157,0,1,0,"descriptive sample frontier, no post-selection inference"
finite_size,38,16,8,periodic,128,0.6455078124999999,0.02726043671981887,0.859375,1,1,"descriptive sample frontier, no post-selection inference"
finite_size,41,16,8,periodic,128,0.8806152343750002,0.7836839297832343,0,1,0,"descriptive sample frontier, no post-selection inference"
finite_size,random-0.5,16,8,periodic,128,0.7944335937500003,0.4884110053541744,0,1,0,"descriptive sample frontier, no post-selection inference"
finite_size,0,256,2,periodic,128,0.8646326065063473,1,1,0,0,"descriptive sample frontier, no post-selection inference"
finite_size,35,256,2,periodic,128,0.9067313671112059,0.0038538265160733454,0,1,1,"descriptive sample frontier, no post-selection inference"
finite_size,38,256,2,periodic,128,0.905996799468994,0.00001947038145989434,0.984375,1,1,"descriptive sample frontier, no post-selection inference"
finite_size,41,256,2,periodic,128,0.9068417549133301,0.01641052791212972,0,0,1,"descriptive sample frontier, no post-selection inference"
finite_size,random-0.5,256,2,periodic,128,0.9069306850433352,0.005791368089372745,0,1,1,"descriptive sample frontier, no post-selection inference"
finite_size,0,256,4,periodic,128,0.8038654327392574,1,1,0,0,"descriptive sample frontier, no post-selection inference"
finite_size,35,256,4,periodic,128,0.8102946281433105,0.009040140496328126,0,1,1,"descriptive sample frontier, no post-selection inference"
finite_size,38,256,4,periodic,128,0.8080549240112307,0.00003775911227931955,0.9765625,1,1,"descriptive sample frontier, no post-selection inference"
finite_size,41,256,4,periodic,128,0.8102188110351565,0.08693321930439234,0,0,1,"descriptive sample frontier, no post-selection inference"
finite_size,random-0.5,256,4,periodic,128,0.8103780746459962,0.013113032179152575,0,1,1,"descriptive sample frontier, no post-selection inference"
finite_size,0,256,8,periodic,128,0.7754983901977539,1,0.328125,1,0,"descriptive sample frontier, no post-selection inference"
finite_size,35,256,8,periodic,128,0.7474575042724607,0.017605863931187855,0,1,1,"descriptive sample frontier, no post-selection inference"
finite_size,38,256,8,periodic,128,0.7410135269165039,0.00008881149532453681,0.9921875,1,1,"descriptive sample frontier, no post-selection inference"
finite_size,41,256,8,periodic,128,0.7484865188598635,0.31833906985240007,0,1,0,"descriptive sample frontier, no post-selection inference"
finite_size,random-0.5,256,8,periodic,128,0.7475700378417969,0.026859684132918,0,1,1,"descriptive sample frontier, no post-selection inference"
finite_size,0,32,2,periodic,128,0.8649139404296877,1,1,0,0,"descriptive sample frontier, no post-selection inference"
finite_size,35,32,2,periodic,128,0.9055023193359376,0.0335145485911066,0,1,1,"descriptive sample frontier, no post-selection inference"
finite_size,38,32,2,periodic,128,0.8989105224609376,0.0010351995794680988,0.8671875,1,1,"descriptive sample frontier, no post-selection inference"
finite_size,41,32,2,periodic,128,0.9070281982421876,0.0979470507756238,0,1,1,"descriptive sample frontier, no post-selection inference"
finite_size,random-0.5,32,2,periodic,128,0.9053955078125001,0.047581350395307684,0,0,1,"descriptive sample frontier, no post-selection inference"
finite_size,0,32,4,periodic,128,0.8052978515624999,1,0.6640625,0,0,"descriptive sample frontier, no post-selection inference"
finite_size,35,32,4,periodic,128,0.8131713867187498,0.07232565920200243,0,1,1,"descriptive sample frontier, no post-selection inference"
finite_size,38,32,4,periodic,128,0.7931823730468747,0.0023506382050733888,0.8828125,1,1,"descriptive sample frontier, no post-selection inference"
finite_size,41,32,4,periodic,128,0.8095092773437498,0.2773723043143499,0,0,0,"descriptive sample frontier, no post-selection inference"
finite_size,random-0.5,32,4,periodic,128,0.8107910156249997,0.10127328505016157,0,0,0,"descriptive sample frontier, no post-selection inference"
finite_size,0,32,8,periodic,128,0.7711181640624999,1,0.015625,1,0,"descriptive sample frontier, no post-selection inference"
finite_size,35,32,8,periodic,128,0.7480468749999998,0.1573382088495362,0,1,0,"descriptive sample frontier, no post-selection inference"
finite_size,38,32,8,periodic,128,0.7008666992187504,0.005151121892483034,0.875,1,1,"descriptive sample frontier, no post-selection inference"
finite_size,41,32,8,periodic,128,0.7499389648437502,0.6546209581481222,0,1,0,"descriptive sample frontier, no post-selection inference"
finite_size,random-0.5,32,8,periodic,128,0.7436523437499999,0.22246073282312487,0,0,0,"descriptive sample frontier, no post-selection inference"
finite_size,0,64,2,periodic,128,0.8650207519531251,1,1,0,0,"descriptive sample frontier, no post-selection inference"
finite_size,35,64,2,periodic,128,0.9068374633789068,0.017070539354786887,0,1,1,"descriptive sample frontier, no post-selection inference"
finite_size,38,64,2,periodic,128,0.9036140441894532,0.0002912900290762788,0.9296875,1,1,"descriptive sample frontier, no post-selection inference"
finite_size,41,64,2,periodic,128,0.9067726135253906,0.05689750096899236,0,0,1,"descriptive sample frontier, no post-selection inference"
finite_size,random-0.5,64,2,periodic,128,0.9068374633789064,0.02166701835033781,0,0,1,"descriptive sample frontier, no post-selection inference"
finite_size,0,64,4,periodic,128,0.8047332763671875,1,0.984375,0,0,"descriptive sample frontier, no post-selection inference"
finite_size,35,64,4,periodic,128,0.8105926513671877,0.030060437704965713,0,1,1,"descriptive sample frontier, no post-selection inference"
finite_size,38,64,4,periodic,128,0.8014755249023438,0.0006177469026911472,0.9140625,1,1,"descriptive sample frontier, no post-selection inference"
finite_size,41,64,4,periodic,128,0.8095779418945309,0.18628818746784606,0,0,0,"descriptive sample frontier, no post-selection inference"
finite_size,random-0.5,64,4,periodic,128,0.8102645874023439,0.04927188923582937,0,0,1,"descriptive sample frontier, no post-selection inference"
finite_size,0,64,8,periodic,128,0.7758941650390622,1,0.015625,1,0,"descriptive sample frontier, no post-selection inference"
finite_size,35,64,8,periodic,128,0.748046875,0.08409702983852274,0,1,1,"descriptive sample frontier, no post-selection inference"
finite_size,38,64,8,periodic,128,0.7231140136718751,0.0016082750960765143,0.921875,1,1,"descriptive sample frontier, no post-selection inference"
finite_size,41,64,8,periodic,128,0.7498168945312503,0.4609890869645704,0,1,0,"descriptive sample frontier, no post-selection inference"
finite_size,random-0.5,64,8,periodic,128,0.7458343505859379,0.1099484216026018,0,0,0,"descriptive sample frontier, no post-selection inference"
open_boundary,0,128,2,open,128,0.8622283935546877,1,1,0,0,"descriptive sample frontier, no post-selection inference"
open_boundary,35,128,2,open,128,0.9064207077026366,0.007643599760444882,0,1,1,"descriptive sample frontier, no post-selection inference"
open_boundary,38,128,2,open,128,0.9050397872924806,0.00007481828624046648,0.953125,1,1,"descriptive sample frontier, no post-selection inference"
open_boundary,41,128,2,open,128,0.9063110351562498,0.031238963372449705,0,0,1,"descriptive sample frontier, no post-selection inference"
open_boundary,random-0.5,128,2,open,128,0.9069356918334962,0.011962454935824195,0,1,1,"descriptive sample frontier, no post-selection inference"
open_boundary,0,128,4,open,128,0.7984542846679688,1,1,0,0,"descriptive sample frontier, no post-selection inference"
open_boundary,35,128,4,open,128,0.8107318878173825,0.019273508491781676,0,1,1,"descriptive sample frontier, no post-selection inference"
open_boundary,38,128,4,open,128,0.8057289123535155,0.00013264465330334703,0.9765625,1,1,"descriptive sample frontier, no post-selection inference"
open_boundary,41,128,4,open,128,0.8101921081542968,0.1234669710585171,0,0,0,"descriptive sample frontier, no post-selection inference"
open_boundary,random-0.5,128,4,open,128,0.8098220825195308,0.026619832126897402,0,0,1,"descriptive sample frontier, no post-selection inference"
open_boundary,0,128,8,open,128,0.7616004943847656,1,1,1,0,"descriptive sample frontier, no post-selection inference"
open_boundary,35,128,8,open,128,0.7490959167480469,0.03742942219440094,0,1,1,"descriptive sample frontier, no post-selection inference"
open_boundary,38,128,8,open,128,0.7362403869628905,0.00030497844989589465,0.9609375,1,1,"descriptive sample frontier, no post-selection inference"
open_boundary,41,128,8,open,128,0.7484855651855469,0.36465209268784804,0,0,0,"descriptive sample frontier, no post-selection inference"
open_boundary,random-0.5,128,8,open,128,0.7498664855957029,0.05302634812173431,0,1,1,"descriptive sample frontier, no post-selection inference"
open_boundary,0,32,2,open,128,0.8559265136718751,1,1,0,0,"descriptive sample frontier, no post-selection inference"
open_boundary,35,32,2,open,128,0.9065093994140625,0.03382823998613059,0,1,1,"descriptive sample frontier, no post-selection inference"
open_boundary,38,32,2,open,128,0.8978576660156248,0.00108957268243239,0.828125,1,1,"descriptive sample frontier, no post-selection inference"
open_boundary,41,32,2,open,128,0.9062347412109372,0.09345816777837704,0,0,1,"descriptive sample frontier, no post-selection inference"
open_boundary,random-0.5,32,2,open,128,0.9049987792968749,0.03832870705367755,0,0,1,"descriptive sample frontier, no post-selection inference"
open_boundary,0,32,4,open,128,0.7779846191406251,1,1,0,0,"descriptive sample frontier, no post-selection inference"
open_boundary,35,32,4,open,128,0.809844970703125,0.0736734048836167,0,1,1,"descriptive sample frontier, no post-selection inference"
open_boundary,38,32,4,open,128,0.7897949218750001,0.0026296492633420252,0.8828125,1,1,"descriptive sample frontier, no post-selection inference"
open_boundary,41,32,4,open,128,0.808807373046875,0.2824517910680855,0,0,0,"descriptive sample frontier, no post-selection inference"
open_boundary,random-0.5,32,4,open,128,0.80841064453125,0.09632981298737554,0,0,1,"descriptive sample frontier, no post-selection inference"
open_boundary,0,32,8,open,128,0.71875,1,0.8125,0,0,"descriptive sample frontier, no post-selection inference"
open_boundary,35,32,8,open,128,0.748291015625,0.14738465387917637,0,1,0,"descriptive sample frontier, no post-selection inference"
open_boundary,38,32,8,open,128,0.7014160156250001,0.005589743013333182,0.890625,1,1,"descriptive sample frontier, no post-selection inference"
open_boundary,41,32,8,open,128,0.74169921875,0.5067486676436453,0,0,0,"descriptive sample frontier, no post-selection inference"
open_boundary,random-0.5,32,8,open,128,0.7469482421874999,0.20093045833776227,0,0,0,"descriptive sample frontier, no post-selection inference"
open_boundary,0,64,2,open,128,0.8602371215820312,1,1,0,0,"descriptive sample frontier, no post-selection inference"
open_boundary,35,64,2,open,128,0.9071388244628906,0.017959743297859168,0,1,1,"descriptive sample frontier, no post-selection inference"
open_boundary,38,64,2,open,128,0.902519226074219,0.00024528928469383544,0.9375,1,1,"descriptive sample frontier, no post-selection inference"
open_boundary,41,64,2,open,128,0.9067039489746092,0.056910991629034166,0,0,1,"descriptive sample frontier, no post-selection inference"
open_boundary,random-0.5,64,2,open,128,0.9062156677246093,0.022399297294117767,0,0,1,"descriptive sample frontier, no post-selection inference"
open_boundary,0,64,4,open,128,0.7907257080078125,1,1,0,0,"descriptive sample frontier, no post-selection inference"
open_boundary,35,64,4,open,128,0.8095855712890624,0.03461384519191586,0,1,1,"descriptive sample frontier, no post-selection inference"
open_boundary,38,64,4,open,128,0.8011550903320312,0.0006188820186168432,0.9375,1,1,"descriptive sample frontier, no post-selection inference"
open_boundary,41,64,4,open,128,0.8094100952148442,0.17127116412968701,0,0,0,"descriptive sample frontier, no post-selection inference"
open_boundary,random-0.5,64,4,open,128,0.8099822998046874,0.04438282096048377,0,1,1,"descriptive sample frontier, no post-selection inference"
open_boundary,0,64,8,open,128,0.7469329833984374,1,1,0,0,"descriptive sample frontier, no post-selection inference"
open_boundary,35,64,8,open,128,0.7500152587890624,0.07161178645030732,0,1,1,"descriptive sample frontier, no post-selection inference"
open_boundary,38,64,8,open,128,0.7273406982421875,0.0012402410002763122,0.9765625,1,1,"descriptive sample frontier, no post-selection inference"
open_boundary,41,64,8,open,128,0.7485504150390627,0.46429880257946504,0,0,0,"descriptive sample frontier, no post-selection inference"
open_boundary,random-0.5,64,8,open,128,0.7496185302734374,0.09586199939638582,0,0,1,"descriptive sample frontier, no post-selection inference"
rrsa,rrsa-0.5,64,2,periodic,512,0.9016981124877927,0.019363682464315465,0.953125,1,1,"descriptive sample frontier, no post-selection inference"
rrsa,rrsa-0.5,64,3,periodic,512,0.8372797966003424,0.023871180469587343,0.951171875,1,1,"descriptive sample frontier, no post-selection inference"
rrsa,rrsa-0.5,64,4,periodic,512,0.7983036041259762,0.027827047917145024,0.955078125,1,1,"descriptive sample frontier, no post-selection inference"
rrsa,rrsa-0.5,64,8,periodic,512,0.7198333740234373,0.043045605001790284,0.953125,1,1,"descriptive sample frontier, no post-selection inference"
small_validation,0,2,2,open,4096,1,1,0,1,0,"descriptive sample frontier, no post-selection inference"
small_validation,33,2,2,open,4096,1,1,0,1,0,"descriptive sample frontier, no post-selection inference"
small_validation,35,2,2,open,4096,1,1,0,1,0,"descriptive sample frontier, no post-selection inference"
small_validation,38,2,2,open,4096,0.5,1,1,0,0,"descriptive sample frontier, no post-selection inference"
small_validation,41,2,2,open,4096,1,1,0,1,0,"descriptive sample frontier, no post-selection inference"
small_validation,43,2,2,open,4096,1,1,0,1,0,"descriptive sample frontier, no post-selection inference"
small_validation,46,2,2,open,4096,0.5,1,1,0,0,"descriptive sample frontier, no post-selection inference"
small_validation,random-0.5,2,2,open,4096,1,1,0,1,0,"descriptive sample frontier, no post-selection inference"
small_validation,0,2,2,periodic,4096,1,1,0,1,0,"descriptive sample frontier, no post-selection inference"
small_validation,33,2,2,periodic,4096,1,1,0,1,0,"descriptive sample frontier, no post-selection inference"
small_validation,35,2,2,periodic,4096,1,1,0,1,0,"descriptive sample frontier, no post-selection inference"
small_validation,38,2,2,periodic,4096,0.5,1,1,0,0,"descriptive sample frontier, no post-selection inference"
small_validation,41,2,2,periodic,4096,1,1,0,1,0,"descriptive sample frontier, no post-selection inference"
small_validation,43,2,2,periodic,4096,1,1,0,1,0,"descriptive sample frontier, no post-selection inference"
small_validation,46,2,2,periodic,4096,0.5,1,1,0,0,"descriptive sample frontier, no post-selection inference"
small_validation,random-0.5,2,2,periodic,4096,1,1,0,1,0,"descriptive sample frontier, no post-selection inference"
small_validation,0,3,2,open,4096,0.6666666666666666,1,0.744140625,0,0,"descriptive sample frontier, no post-selection inference"
small_validation,33,3,2,open,4096,0.8571506076388876,0.5520019531250002,0,0,0,"descriptive sample frontier, no post-selection inference"
small_validation,35,3,2,open,4096,0.8777669270833324,0.4910888671874996,0,1,0,"descriptive sample frontier, no post-selection inference"
small_validation,38,3,2,open,4096,0.658528645833334,0.23111979166666616,0.864990234375,1,0,"descriptive sample frontier, no post-selection inference"
small_validation,41,3,2,open,4096,0.8571506076388876,0.5505371093749987,0,0,0,"descriptive sample frontier, no post-selection inference"
small_validation,43,3,2,open,4096,0.8777669270833324,0.49572753906249983,0,0,0,"descriptive sample frontier, no post-selection inference"
small_validation,46,3,2,open,4096,0.7451171874999997,0.3382568359375008,0.323486328125,1,0,"descriptive sample frontier, no post-selection inference"
small_validation,random-0.5,3,2,open,4096,0.8695203993055548,0.5168457031249997,0,0,0,"descriptive sample frontier, no post-selection inference"
small_validation,0,3,2,periodic,4096,0.6666666666666666,1,0.775146484375,0,0,"descriptive sample frontier, no post-selection inference"
small_validation,33,3,2,periodic,4096,0.8621419270833339,0.494506835937499,0,0,0,"descriptive sample frontier, no post-selection inference"
small_validation,35,3,2,periodic,4096,0.8804796006944454,0.3984374999999994,0,1,0,"descriptive sample frontier, no post-selection inference"
small_validation,38,3,2,periodic,4096,0.8007269965277779,0.1322428385416664,0.396728515625,1,0,"descriptive sample frontier, no post-selection inference"
small_validation,41,3,2,periodic,4096,0.8621419270833339,0.48388671875000033,0,0,0,"descriptive sample frontier, no post-selection inference"
small_validation,43,3,2,periodic,4096,0.8804796006944454,0.40795898437500067,0,0,0,"descriptive sample frontier, no post-selection inference"
small_validation,46,3,2,periodic,4096,0.8888888888888888,0.5,0,1,0,"descriptive sample frontier, no post-selection inference"
small_validation,random-0.5,3,2,periodic,4096,0.8729926215277777,0.4367675781250006,0,0,0,"descriptive sample frontier, no post-selection inference"
