experiment,L,k,boundary,initial_mode,engine,kinetic_kind,controller,baseline,baseline_p,metric,n,mean,sd,se,ciLow,ciHigh,min,max,missingA,missingB,simultaneousCiLow,simultaneousCiHigh,onlyA,onlyB,degenerateNonzeroDifference,interpretation
large_size,128,4,periodic,fair,event,sampled-actual,policy41,fair,0.5,coverage,128,-0.0001106262207031249,0.004292951948823907,0.00037944692929017365,-0.0008614832167655277,0.000640230775359278,-0.01171875,0.015625,0,0,-0.0008614832167655277,0.000640230775359278,,,false,"Descriptive paired finite-size effect with pointwise t CI, no post hoc significance test or infinite-limit fit"
large_size,128,4,periodic,fair,event,sampled-actual,policy41,fair,0.5,abs_order,128,0.09618197266605291,0.08143133897313334,0.007197581498625372,0.08193925779395729,0.11042468753814853,-0.045827254919340706,0.28718396659578194,0,0,0.08193925779395729,0.11042468753814853,,,false,"Descriptive paired finite-size effect with pointwise t CI, no post hoc significance test or infinite-limit fit"
large_size,128,4,periodic,fair,event,sampled-actual,policy41,fair,0.5,order2,128,0.019097408412237248,0.021443128710106608,0.0018953227150965409,0.015346906799038187,0.02284791002543631,-0.0032919875457156416,0.0926480644908527,0,0,0.015346906799038187,0.02284791002543631,,,false,"Descriptive paired finite-size effect with pointwise t CI, no post hoc significance test or infinite-limit fit"
large_size,128,4,periodic,fair,event,sampled-actual,policy41,fair,0.5,order4,128,0.0008430939371218359,0.0015043866922304734,0.0001329702539503709,0.0005799698010704445,0.0011062180731732274,-0.000013280887527193357,0.008641796635559137,0,0,0.0005799698010704445,0.0011062180731732274,,,false,"Descriptive paired finite-size effect with pointwise t CI, no post hoc significance test or infinite-limit fit"
large_size,128,4,periodic,fair,event,sampled-actual,policy41,alternating,1,coverage,128,0.0008087158203125001,0.004423670640863422,0.0003910009384862958,0.00003499552514867456,0.0015824361154763255,-0.0087890625,0.01220703125,0,0,0.00003499552514867456,0.0015824361154763255,,,false,"Descriptive paired finite-size effect with pointwise t CI, no post hoc significance test or infinite-limit fit"
large_size,128,4,periodic,fair,event,sampled-actual,policy41,alternating,1,abs_order,128,0.1008115882014708,0.07711956017333219,0.006816470495085898,0.08732302322806929,0.11430015317487233,-0.037788423049667716,0.2804507305055777,0,0,0.08732302322806929,0.11430015317487233,,,false,"Descriptive paired finite-size effect with pointwise t CI, no post hoc significance test or infinite-limit fit"
large_size,128,4,periodic,fair,event,sampled-actual,policy41,alternating,1,order2,128,0.0194016722830823,0.021252027862539238,0.001878431626945868,0.015684595085078176,0.02311874948108642,-0.002062302953385632,0.09220981083002693,0,0,0.015684595085078176,0.02311874948108642,,,false,"Descriptive paired finite-size effect with pointwise t CI, no post hoc significance test or infinite-limit fit"
large_size,128,4,periodic,fair,event,sampled-actual,policy41,alternating,1,order4,128,0.0008440732809800969,0.0015039772733032228,0.00013293406608789527,0.0005810207541778914,0.0011071258077823025,-0.0000045436605710028024,0.008641329583463699,0,0,0.0005810207541778914,0.0011071258077823025,,,false,"Descriptive paired finite-size effect with pointwise t CI, no post hoc significance test or infinite-limit fit"
large_size,128,8,periodic,fair,event,sampled-actual,policy41,fair,0.5,coverage,128,0.0019073486328125,0.009578014072032081,0.0008465848375792576,0.00023211001842743406,0.003582587247197566,-0.0224609375,0.029296875,0,0,0.00023211001842743406,0.003582587247197566,,,false,"Descriptive paired finite-size effect with pointwise t CI, no post hoc significance test or infinite-limit fit"
large_size,128,8,periodic,fair,event,sampled-actual,policy41,fair,0.5,abs_order,128,0.31685721203991996,0.20474527146418656,0.018097096233525855,0.2810463244916218,0.3526680995882181,-0.12466065423548946,0.6975430387495493,0,0,0.2810463244916218,0.3526680995882181,,,false,"Descriptive paired finite-size effect with pointwise t CI, no post hoc significance test or infinite-limit fit"
large_size,128,8,periodic,fair,event,sampled-actual,policy41,fair,0.5,order2,128,0.17494082550964893,0.1430950213076071,0.01264793249008031,0.14991284962467527,0.1999688013946226,-0.01862232481783509,0.5481685045289868,0,0,0.14991284962467527,0.1999688013946226,,,false,"Descriptive paired finite-size effect with pointwise t CI, no post hoc significance test or infinite-limit fit"
large_size,128,8,periodic,fair,event,sampled-actual,policy41,fair,0.5,order4,128,0.052714094766318505,0.06576916301690368,0.00581322764527701,0.04121076634216977,0.06421742319046725,-0.0003524824373243108,0.3148727880563465,0,0,0.04121076634216977,0.06421742319046725,,,false,"Descriptive paired finite-size effect with pointwise t CI, no post hoc significance test or infinite-limit fit"
large_size,128,8,periodic,fair,event,sampled-actual,policy41,alternating,1,coverage,128,0.0017700195312499996,0.009064763138987582,0.0008012194356784967,0.0001845508603458047,0.0033554882021541946,-0.021484375,0.02490234375,0,0,0.0001845508603458047,0.0033554882021541946,,,false,"Descriptive paired finite-size effect with pointwise t CI, no post hoc significance test or infinite-limit fit"
large_size,128,8,periodic,fair,event,sampled-actual,policy41,alternating,1,abs_order,128,0.3398460506751535,0.19427115939772177,0.017171306774887717,0.30586713339263044,0.37382496795767656,-0.03197787993686867,0.7321316170320339,0,0,0.30586713339263044,0.37382496795767656,,,false,"Descriptive paired finite-size effect with pointwise t CI, no post hoc significance test or infinite-limit fit"
large_size,128,8,periodic,fair,event,sampled-actual,policy41,alternating,1,order2,128,0.17892050953124908,0.14203390966689694,0.012554142585487543,0.15407812694164152,0.20376289212085663,-0.003427042837358815,0.5609975734805561,0,0,0.15407812694164152,0.20376289212085663,,,false,"Descriptive paired finite-size effect with pointwise t CI, no post hoc significance test or infinite-limit fit"
large_size,128,8,periodic,fair,event,sampled-actual,policy41,alternating,1,order4,128,0.052800903546319104,0.06574938462354674,0.005811479465769051,0.04130103445393088,0.06430077263870733,-0.00006192590304158643,0.31504484102502844,0,0,0.04130103445393088,0.06430077263870733,,,false,"Descriptive paired finite-size effect with pointwise t CI, no post hoc significance test or infinite-limit fit"
large_size,256,4,periodic,fair,event,sampled-actual,policy41,fair,0.5,coverage,128,-0.00012302398681640636,0.002471023110673862,0.00021840964975327056,-0.0005552172683157834,0.0003091692946829707,-0.00714111328125,0.00732421875,0,0,-0.0005552172683157834,0.0003091692946829707,,,false,"Descriptive paired finite-size effect with pointwise t CI, no post hoc significance test or infinite-limit fit"
large_size,256,4,periodic,fair,event,sampled-actual,policy41,fair,0.5,abs_order,128,0.0701346492055835,0.04935639661947538,0.004362530343070478,0.06150198894198176,0.07876730946918524,-0.019613790258389684,0.1978865740950688,0,0,0.06150198894198176,0.07876730946918524,,,false,"Descriptive paired finite-size effect with pointwise t CI, no post hoc significance test or infinite-limit fit"
large_size,256,4,periodic,fair,event,sampled-actual,policy41,fair,0.5,order2,128,0.00875238502993637,0.0093281163951725,0.0008244967948404858,0.007120854666006138,0.010383915393866603,-0.0008767027169521601,0.040352621985702386,0,0,0.007120854666006138,0.010383915393866603,,,false,"Descriptive paired finite-size effect with pointwise t CI, no post hoc significance test or infinite-limit fit"
large_size,256,4,periodic,fair,event,sampled-actual,policy41,fair,0.5,order4,128,0.0001658737063120129,0.0002980279887358931,0.00002634220147731725,0.00011374724344161952,0.00021800016918240627,-0.0000010444322233184789,0.0016290680616600477,0,0,0.00011374724344161952,0.00021800016918240627,,,false,"Descriptive paired finite-size effect with pointwise t CI, no post hoc significance test or infinite-limit fit"
large_size,256,4,periodic,fair,event,sampled-actual,policy41,alternating,1,coverage,128,-0.0002465248107910157,0.0025643506596292895,0.00022665871759550835,-0.0006950415088797019,0.00020199188729767056,-0.0072021484375,0.00640869140625,0,0,-0.0006950415088797019,0.00020199188729767056,,,false,"Descriptive paired finite-size effect with pointwise t CI, no post hoc significance test or infinite-limit fit"
large_size,256,4,periodic,fair,event,sampled-actual,policy41,alternating,1,abs_order,128,0.0730300632247916,0.049627175528992665,0.004386464043460725,0.0643500424873199,0.08171008396226329,-0.005014107771705256,0.19180678161183634,0,0,0.0643500424873199,0.08171008396226329,,,false,"Descriptive paired finite-size effect with pointwise t CI, no post hoc significance test or infinite-limit fit"
large_size,256,4,periodic,fair,event,sampled-actual,policy41,alternating,1,order2,128,0.00882933611390137,0.009331579269772655,0.0008248028726045069,0.007197200077312553,0.010461472150490186,-0.00016379310531403733,0.040214936231025504,0,0,0.007197200077312553,0.010461472150490186,,,false,"Descriptive paired finite-size effect with pointwise t CI, no post hoc significance test or infinite-limit fit"
large_size,256,4,periodic,fair,event,sampled-actual,policy41,alternating,1,order4,128,0.00016592936693274598,0.0002980225886310073,0.000026341724170969268,0.00011380384856547802,0.00021805488530001393,-9.014349394432339e-8,0.001629046599972203,0,0,0.00011380384856547802,0.00021805488530001393,,,false,"Descriptive paired finite-size effect with pointwise t CI, no post hoc significance test or infinite-limit fit"
large_size,256,8,periodic,fair,event,sampled-actual,policy41,fair,0.5,coverage,128,0.0006513595581054688,0.004470903208784097,0.00039517574711999114,-0.0001306219299363593,0.0014333410461472968,-0.01611328125,0.0107421875,0,0,-0.0001306219299363593,0.0014333410461472968,,,false,"Descriptive paired finite-size effect with pointwise t CI, no post hoc significance test or infinite-limit fit"
large_size,256,8,periodic,fair,event,sampled-actual,policy41,fair,0.5,abs_order,128,0.29591054964421987,0.13229729830742049,0.011693539595729573,0.27277114506236905,0.3190499542260707,-0.03466394993959395,0.546342652169817,0,0,0.27277114506236905,0.3190499542260707,,,false,"Descriptive paired finite-size effect with pointwise t CI, no post hoc significance test or infinite-limit fit"
large_size,256,8,periodic,fair,event,sampled-actual,policy41,fair,0.5,order2,128,0.12247035026817336,0.08016623021551565,0.007085760625944127,0.10844890872332691,0.13649179181301982,-0.0019292026743927054,0.304894008060262,0,0,0.10844890872332691,0.13649179181301982,,,false,"Descriptive paired finite-size effect with pointwise t CI, no post hoc significance test or infinite-limit fit"
large_size,256,8,periodic,fair,event,sampled-actual,policy41,fair,0.5,order4,128,0.021755663601781494,0.022677712634237762,0.0020044455481836704,0.017789227594787505,0.025722099608775483,-0.000004146826901501788,0.09326703213628713,0,0,0.017789227594787505,0.025722099608775483,,,false,"Descriptive paired finite-size effect with pointwise t CI, no post hoc significance test or infinite-limit fit"
large_size,256,8,periodic,fair,event,sampled-actual,policy41,alternating,1,coverage,128,0.0003614425659179688,0.004436764626231872,0.0003921582942171443,-0.00041456792737466,0.0011374530592105977,-0.01416015625,0.011474609375,0,0,-0.00041456792737466,0.0011374530592105977,,,false,"Descriptive paired finite-size effect with pointwise t CI, no post hoc significance test or infinite-limit fit"
large_size,256,8,periodic,fair,event,sampled-actual,policy41,alternating,1,abs_order,128,0.30730062141293757,0.1310676656774806,0.011584854399354728,0.28437628522080627,0.33022495760506887,-0.0166359369861957,0.5386819571934832,0,0,0.28437628522080627,0.33022495760506887,,,false,"Descriptive paired finite-size effect with pointwise t CI, no post hoc significance test or infinite-limit fit"
large_size,256,8,periodic,fair,event,sampled-actual,policy41,alternating,1,order2,128,0.1233723771876374,0.0802619165190802,0.007094218180208773,0.10933419966919625,0.13741055470607855,-0.0004228497965878199,0.30465643779605855,0,0,0.10933419966919625,0.13741055470607855,,,false,"Descriptive paired finite-size effect with pointwise t CI, no post hoc significance test or infinite-limit fit"
large_size,256,8,periodic,fair,event,sampled-actual,policy41,alternating,1,order4,128,0.02176071256627639,0.022679271379629024,0.0020045833231132084,0.017794003927560437,0.02572742120499234,-1.9510747086619994e-7,0.09326673673789428,0,0,0.017794003927560437,0.02572742120499234,,,false,"Descriptive paired finite-size effect with pointwise t CI, no post hoc significance test or infinite-limit fit"
large_size,512,4,periodic,fair,event,sampled-actual,policy41,fair,0.5,coverage,128,-0.00015139579772949216,0.0012804798423163577,0.0001131794974593222,-0.00037535759822984933,0.00007256600277086504,-0.002777099609375,0.003326416015625,0,0,-0.00037535759822984933,0.00007256600277086504,,,false,"Descriptive paired finite-size effect with pointwise t CI, no post hoc significance test or infinite-limit fit"
large_size,512,4,periodic,fair,event,sampled-actual,policy41,fair,0.5,abs_order,128,0.04508427109541191,0.031921859954312556,0.0028215204552227125,0.039500991301053556,0.05066755088977026,-0.007379213363889262,0.1262543014521463,0,0,0.039500991301053556,0.05066755088977026,,,false,"Descriptive paired finite-size effect with pointwise t CI, no post hoc significance test or infinite-limit fit"
large_size,512,4,periodic,fair,event,sampled-actual,policy41,fair,0.5,order2,128,0.0035425349639359284,0.003772467337000196,0.00033344215447469935,0.002882713114967991,0.004202356812903866,-0.00013372589372432004,0.017900818190894726,0,0,0.002882713114967991,0.004202356812903866,,,false,"Descriptive paired finite-size effect with pointwise t CI, no post hoc significance test or infinite-limit fit"
large_size,512,4,periodic,fair,event,sampled-actual,policy41,fair,0.5,order4,128,0.000027028321084863043,0.00005179474221697011,0.000004578051681428589,0.000017969182986772968,0.00003608745918295312,-2.5599056783195675e-8,0.0003225978280719742,0,0,0.000017969182986772968,0.00003608745918295312,,,false,"Descriptive paired finite-size effect with pointwise t CI, no post hoc significance test or infinite-limit fit"
large_size,512,4,periodic,fair,event,sampled-actual,policy41,alternating,1,coverage,128,-0.00007474422454833988,0.0011918169618382784,0.00010534273195612441,-0.00028319848038208396,0.00013371003128540422,-0.0027313232421875,0.0029296875,0,0,-0.00028319848038208396,0.00013371003128540422,,,false,"Descriptive paired finite-size effect with pointwise t CI, no post hoc significance test or infinite-limit fit"
large_size,512,4,periodic,fair,event,sampled-actual,policy41,alternating,1,abs_order,128,0.04653101231745182,0.031398445154043206,0.00277525668589223,0.04103928017359361,0.05202274446131003,-0.006859336892034209,0.13029123413930374,0,0,0.04103928017359361,0.05202274446131003,,,false,"Descriptive paired finite-size effect with pointwise t CI, no post hoc significance test or infinite-limit fit"
large_size,512,4,periodic,fair,event,sampled-actual,policy41,alternating,1,order2,128,0.003568462970028007,0.0037636732259205517,0.00033266485752733385,0.0029101792514437813,0.004226746688612232,-0.00006818470358838189,0.01794721301965584,0,0,0.0029101792514437813,0.004226746688612232,,,false,"Descriptive paired finite-size effect with pointwise t CI, no post hoc significance test or infinite-limit fit"
large_size,512,4,periodic,fair,event,sampled-actual,policy41,alternating,1,order4,128,0.000027034782990371815,0.00005179222456169806,0.000004577829150039145,0.000017976085241742256,0.00003609348073900138,-8.261527793979913e-9,0.0003226012700241624,0,0,0.000017976085241742256,0.00003609348073900138,,,false,"Descriptive paired finite-size effect with pointwise t CI, no post hoc significance test or infinite-limit fit"
large_size,512,8,periodic,fair,event,sampled-actual,policy41,fair,0.5,coverage,128,0.00040698051452636724,0.0021178555788812516,0.00018719375517508677,0.00003655785501152474,0.0007774031740412097,-0.003997802734375,0.00543212890625,0,0,0.00003655785501152474,0.0007774031740412097,,,false,"Descriptive paired finite-size effect with pointwise t CI, no post hoc significance test or infinite-limit fit"
large_size,512,8,periodic,fair,event,sampled-actual,policy41,fair,0.5,abs_order,128,0.24207702516387256,0.12975878914166608,0.011469164965078429,0.21938161748424595,0.26477243284349916,-0.015161702523735783,0.5251790535990747,0,0,0.21938161748424595,0.26477243284349916,,,false,"Descriptive paired finite-size effect with pointwise t CI, no post hoc significance test or infinite-limit fit"
large_size,512,8,periodic,fair,event,sampled-actual,policy41,fair,0.5,order2,128,0.08173778969677077,0.0673819330141779,0.005955777720472862,0.06995238039915112,0.09352319899439042,-0.0008231908551219804,0.27859731618139094,0,0,0.06995238039915112,0.09352319899439042,,,false,"Descriptive paired finite-size effect with pointwise t CI, no post hoc significance test or infinite-limit fit"
large_size,512,8,periodic,fair,event,sampled-actual,policy41,fair,0.5,order4,128,0.011231225043419675,0.015407780027400512,0.0013618682175506938,0.008536333610839424,0.013926116475999926,-0.0000013079372985163314,0.07762037981350044,0,0,0.008536333610839424,0.013926116475999926,,,false,"Descriptive paired finite-size effect with pointwise t CI, no post hoc significance test or infinite-limit fit"
large_size,512,8,periodic,fair,event,sampled-actual,policy41,alternating,1,coverage,128,0.00014591217041015625,0.0023050128790954604,0.00020373627969134093,-0.00025724515977075063,0.0005490695005910631,-0.005645751953125,0.00665283203125,0,0,-0.00025724515977075063,0.0005490695005910631,,,false,"Descriptive paired finite-size effect with pointwise t CI, no post hoc significance test or infinite-limit fit"
large_size,512,8,periodic,fair,event,sampled-actual,policy41,alternating,1,abs_order,128,0.24540218067974137,0.13026520234507327,0.011513925991354881,0.22261819900692556,0.26818616235255716,-0.03426586235103117,0.5187935939996263,0,0,0.22261819900692556,0.26818616235255716,,,false,"Descriptive paired finite-size effect with pointwise t CI, no post hoc significance test or infinite-limit fit"
large_size,512,8,periodic,fair,event,sampled-actual,policy41,alternating,1,order2,128,0.08185917090325044,0.06737398560650235,0.005955075262240332,0.07007515164370363,0.09364319016279725,-0.0013504097291194982,0.2784029487790472,0,0,0.07007515164370363,0.09364319016279725,,,false,"Descriptive paired finite-size effect with pointwise t CI, no post hoc significance test or infinite-limit fit"
large_size,512,8,periodic,fair,event,sampled-actual,policy41,alternating,1,order4,128,0.011231389529827092,0.015407719474963253,0.0013618628654208185,0.008536508688145992,0.013926270371508192,-0.0000018414722075910144,0.0776203393032971,0,0,0.008536508688145992,0.013926270371508192,,,false,"Descriptive paired finite-size effect with pointwise t CI, no post hoc significance test or infinite-limit fit"
large_size,1024,4,periodic,fair,event,sampled-actual,policy41,fair,0.5,coverage,64,0.00005871057510375978,0.0005562185582085884,0.00006952731977607355,-0.00008022868681757161,0.00019764983702509116,-0.001125335693359375,0.001491546630859375,0,0,-0.00008022868681757161,0.00019764983702509116,,,false,"Descriptive paired finite-size effect with pointwise t CI, no post hoc significance test or infinite-limit fit"
large_size,1024,4,periodic,fair,event,sampled-actual,policy41,fair,0.5,abs_order,64,0.034180775531455015,0.025401369452669183,0.003175171181583648,0.02783570222985295,0.040525848833057085,-0.003273280220447319,0.09865686020242048,0,0,0.02783570222985295,0.040525848833057085,,,false,"Descriptive paired finite-size effect with pointwise t CI, no post hoc significance test or infinite-limit fit"
large_size,1024,4,periodic,fair,event,sampled-actual,policy41,fair,0.5,order2,64,0.002016415041653133,0.002191982480788125,0.0002739978100985156,0.0014688741091713723,0.0025639559741348935,-0.000025629750078812607,0.00989373331261894,0,0,0.0014688741091713723,0.0025639559741348935,,,false,"Descriptive paired finite-size effect with pointwise t CI, no post hoc significance test or infinite-limit fit"
large_size,1024,4,periodic,fair,event,sampled-actual,policy41,fair,0.5,order4,64,0.000008862082745994765,0.000016357912507427844,0.0000020447390634284805,0.0000047759977766697575,0.000012948167715319772,-9.229670330236533e-10,0.00009789906079662361,0,0,0.0000047759977766697575,0.000012948167715319772,,,false,"Descriptive paired finite-size effect with pointwise t CI, no post hoc significance test or infinite-limit fit"
large_size,1024,4,periodic,fair,event,sampled-actual,policy41,alternating,1,coverage,64,0.00003004074096679687,0.0005690153749695105,0.00007112692187118881,-0.00011209507067310443,0.00017217655260669818,-0.001079559326171875,0.001308441162109375,0,0,-0.00011209507067310443,0.00017217655260669818,,,false,"Descriptive paired finite-size effect with pointwise t CI, no post hoc significance test or infinite-limit fit"
large_size,1024,4,periodic,fair,event,sampled-actual,policy41,alternating,1,abs_order,64,0.03527466739824353,0.024889477050512695,0.003111184631314087,0.02905746101422117,0.04149187378226589,-0.004452129306216195,0.09387514255607535,0,0,0.02905746101422117,0.04149187378226589,,,false,"Descriptive paired finite-size effect with pointwise t CI, no post hoc significance test or infinite-limit fit"
large_size,1024,4,periodic,fair,event,sampled-actual,policy41,alternating,1,order2,64,0.002026831796987966,0.0021876878685574887,0.0002734609835696861,0.001480363626723066,0.0025732999672528657,-0.000028452373628081424,0.009863086572713436,0,0,0.001480363626723066,0.0025732999672528657,,,false,"Descriptive paired finite-size effect with pointwise t CI, no post hoc significance test or infinite-limit fit"
large_size,1024,4,periodic,fair,event,sampled-actual,policy41,alternating,1,order4,64,0.000008862840990426224,0.00001635768801343255,0.000002044711001679069,0.00000477681209803276,0.000012948869882819687,-8.630022456870208e-10,0.00009789808098951877,0,0,0.00000477681209803276,0.000012948869882819687,,,false,"Descriptive paired finite-size effect with pointwise t CI, no post hoc significance test or infinite-limit fit"
large_size,1024,8,periodic,fair,event,sampled-actual,policy41,fair,0.5,coverage,64,0.0002765655517578125,0.001114330300746761,0.00013929128759334513,-0.0000017858754598843525,0.0005549169789755093,-0.00174713134765625,0.003662109375,0,0,-0.0000017858754598843525,0.0005549169789755093,,,false,"Descriptive paired finite-size effect with pointwise t CI, no post hoc significance test or infinite-limit fit"
large_size,1024,8,periodic,fair,event,sampled-actual,policy41,fair,0.5,abs_order,64,0.18194517828687465,0.09493891668875094,0.011867364586093868,0.1582301425016085,0.2056602140721408,0.010238630761205193,0.37813219112012453,0,0,0.1582301425016085,0.2056602140721408,,,false,"Descriptive paired finite-size effect with pointwise t CI, no post hoc significance test or infinite-limit fit"
large_size,1024,8,periodic,fair,event,sampled-actual,policy41,fair,0.5,order2,64,0.04480972825898355,0.03861179652564263,0.004826474565705329,0.03516478845688944,0.05445466806107766,0.0002780614485588567,0.14417372916219923,0,0,0.03516478845688944,0.05445466806107766,,,false,"Descriptive paired finite-size effect with pointwise t CI, no post hoc significance test or infinite-limit fit"
large_size,1024,8,periodic,fair,event,sampled-actual,policy41,fair,0.5,order4,64,0.003485742127637215,0.005033868498851252,0.0006292335623564065,0.0022283191892656594,0.00474316506600877,1.1711813540901449e-7,0.02078677785253612,0,0,0.0022283191892656594,0.00474316506600877,,,false,"Descriptive paired finite-size effect with pointwise t CI, no post hoc significance test or infinite-limit fit"
large_size,1024,8,periodic,fair,event,sampled-actual,policy41,alternating,1,coverage,64,0.00042474269866943354,0.0011194451538671444,0.00013993064423339306,0.00014511361915679906,0.000704371778182068,-0.00260162353515625,0.00374603271484375,0,0,0.00014511361915679906,0.000704371778182068,,,false,"Descriptive paired finite-size effect with pointwise t CI, no post hoc significance test or infinite-limit fit"
large_size,1024,8,periodic,fair,event,sampled-actual,policy41,alternating,1,abs_order,64,0.18561192976692606,0.09517953671397751,0.011897442089247189,0.16183678888769082,0.2093870706461613,0.012310986226508853,0.374271079183093,0,0,0.16183678888769082,0.2093870706461613,,,false,"Descriptive paired finite-size effect with pointwise t CI, no post hoc significance test or infinite-limit fit"
large_size,1024,8,periodic,fair,event,sampled-actual,policy41,alternating,1,order2,64,0.04488190511112581,0.03863063257823046,0.004828829072278808,0.035232260203088284,0.054531550019163336,0.00030882988328337845,0.14414667216922675,0,0,0.035232260203088284,0.054531550019163336,,,false,"Descriptive paired finite-size effect with pointwise t CI, no post hoc significance test or infinite-limit fit"
large_size,1024,8,periodic,fair,event,sampled-actual,policy41,alternating,1,order4,64,0.0034857678048359183,0.005033877861389486,0.0006292347326736857,0.002228342527771896,0.0047431930818999405,1.2057543899065824e-7,0.02078677698652088,0,0,0.002228342527771896,0.0047431930818999405,,,false,"Descriptive paired finite-size effect with pointwise t CI, no post hoc significance test or infinite-limit fit"
large_size,2048,4,periodic,fair,event,sampled-actual,policy41,fair,0.5,coverage,64,-0.00002767145633697509,0.00027614625885872163,0.000034518282357340204,-0.0000966507394298262,0.00004130782675587601,-0.0006761550903320312,0.0005359649658203125,0,0,-0.0000966507394298262,0.00004130782675587601,,,false,"Descriptive paired finite-size effect with pointwise t CI, no post hoc significance test or infinite-limit fit"
large_size,2048,4,periodic,fair,event,sampled-actual,policy41,fair,0.5,abs_order,64,0.021219709550113652,0.014517862632446647,0.0018147328290558308,0.01759325536396804,0.024846163736259266,-0.005030963384452653,0.04979209960985633,0,0,0.01759325536396804,0.024846163736259266,,,false,"Descriptive paired finite-size effect with pointwise t CI, no post hoc significance test or infinite-limit fit"
large_size,2048,4,periodic,fair,event,sampled-actual,policy41,fair,0.5,order2,64,0.0007247830604650749,0.0007039049121383247,0.00008798811401729059,0.0005489528449643862,0.0009006132759657636,-0.00003060406855235371,0.002685415972142151,0,0,0.0005489528449643862,0.0009006132759657636,,,false,"Descriptive paired finite-size effect with pointwise t CI, no post hoc significance test or infinite-limit fit"
large_size,2048,4,periodic,fair,event,sampled-actual,policy41,fair,0.5,order4,64,0.0000010200092461552013,0.0000015351732897470756,1.9189666121838445e-7,6.365343680681374e-7,0.0000014034841242422652,-9.53549610485134e-10,0.000007341319681108884,0,0,6.365343680681374e-7,0.0000014034841242422652,,,false,"Descriptive paired finite-size effect with pointwise t CI, no post hoc significance test or infinite-limit fit"
large_size,2048,4,periodic,fair,event,sampled-actual,policy41,alternating,1,coverage,64,-0.00003413856029510499,0.00028993258655842587,0.000036241573319803234,-0.00010656156558480552,0.000038284444994595556,-0.0006513595581054688,0.0007276535034179688,0,0,-0.00010656156558480552,0.000038284444994595556,,,false,"Descriptive paired finite-size effect with pointwise t CI, no post hoc significance test or infinite-limit fit"
large_size,2048,4,periodic,fair,event,sampled-actual,policy41,alternating,1,abs_order,64,0.021750390975913275,0.014393610968701887,0.001799201371087736,0.018154973931909762,0.025345808019916788,-0.0009492596377292095,0.049809739864968366,0,0,0.018154973931909762,0.025345808019916788,,,false,"Descriptive paired finite-size effect with pointwise t CI, no post hoc significance test or infinite-limit fit"
large_size,2048,4,periodic,fair,event,sampled-actual,policy41,alternating,1,order2,64,0.0007270660644320932,0.0007044288647274496,0.0000880536080909312,0.0005511049694687537,0.0009030271593954327,-0.000001985253082477177,0.0027042484519736332,0,0,0.0005511049694687537,0.0009030271593954327,,,false,"Descriptive paired finite-size effect with pointwise t CI, no post hoc significance test or infinite-limit fit"
large_size,2048,4,periodic,fair,event,sampled-actual,policy41,alternating,1,order4,64,0.0000010200507837717106,0.0000015352096726429796,1.9190120908037245e-7,6.365668175076544e-7,0.0000014035347500357669,-5.236027712853865e-12,0.000007341875715608789,0,0,6.365668175076544e-7,0.0000014035347500357669,,,false,"Descriptive paired finite-size effect with pointwise t CI, no post hoc significance test or infinite-limit fit"
large_size,2048,8,periodic,fair,event,sampled-actual,policy41,fair,0.5,coverage,64,0.00009760260581970213,0.0005617231859936098,0.00007021539824920123,-0.000042711671210916036,0.00023791688285032032,-0.0011539459228515625,0.00147247314453125,0,0,-0.000042711671210916036,0.00023791688285032032,,,false,"Descriptive paired finite-size effect with pointwise t CI, no post hoc significance test or infinite-limit fit"
large_size,2048,8,periodic,fair,event,sampled-actual,policy41,fair,0.5,abs_order,64,0.14571983942978556,0.07961809295137004,0.009952261618921255,0.12583183154692218,0.16560784731264894,0.0006148648053769742,0.2671429072628761,0,0,0.12583183154692218,0.16560784731264894,,,false,"Descriptive paired finite-size effect with pointwise t CI, no post hoc significance test or infinite-limit fit"
large_size,2048,8,periodic,fair,event,sampled-actual,policy41,fair,0.5,order2,64,0.028269683470191726,0.023186904743222037,0.0028983630929027547,0.02247776699469836,0.03406159994568509,0.0000017732875620197958,0.07179876969521656,0,0,0.02247776699469836,0.03406159994568509,,,false,"Descriptive paired finite-size effect with pointwise t CI, no post hoc significance test or infinite-limit fit"
large_size,2048,8,periodic,fair,event,sampled-actual,policy41,fair,0.5,order4,64,0.0013290430977204485,0.0015268467336536304,0.0001908558417067038,0.0009476481314610228,0.0017104380639798742,7.709969309531255e-12,0.0051551578339798605,0,0,0.0009476481314610228,0.0017104380639798742,,,false,"Descriptive paired finite-size effect with pointwise t CI, no post hoc significance test or infinite-limit fit"
large_size,2048,8,periodic,fair,event,sampled-actual,policy41,alternating,1,coverage,64,0.00008431077003479003,0.0005300772702864918,0.00006625965878581147,-0.000048098592450487174,0.00021672013252006724,-0.0013484954833984375,0.001224517822265625,0,0,-0.000048098592450487174,0.00021672013252006724,,,false,"Descriptive paired finite-size effect with pointwise t CI, no post hoc significance test or infinite-limit fit"
large_size,2048,8,periodic,fair,event,sampled-actual,policy41,alternating,1,abs_order,64,0.14582996352911903,0.07992339713687382,0.009990424642109228,0.12586569292979397,0.1657942341284441,-0.004362523763509033,0.263756971647637,0,0,0.12586569292979397,0.1657942341284441,,,false,"Descriptive paired finite-size effect with pointwise t CI, no post hoc significance test or infinite-limit fit"
large_size,2048,8,periodic,fair,event,sampled-actual,policy41,alternating,1,order2,64,0.0282706450409299,0.023189423071594405,0.0028986778839493006,0.0224780995057258,0.034063190576133995,-0.00004295865992518633,0.07178181148729802,0,0,0.0224780995057258,0.034063190576133995,,,false,"Descriptive paired finite-size effect with pointwise t CI, no post hoc significance test or infinite-limit fit"
large_size,2048,8,periodic,fair,event,sampled-actual,policy41,alternating,1,order4,64,0.0013290431651293165,0.0015268468761928133,0.00019085585952410166,0.0009476481632646621,0.0017104381669939708,-2.491581511646074e-9,0.005155157524078016,0,0,0.0009476481632646621,0.0017104381669939708,,,false,"Descriptive paired finite-size effect with pointwise t CI, no post hoc significance test or infinite-limit fit"
