experiment,controller,kind,L,k,boundary,seed,memory_states,coverage,order,abs_order,particles,horizontal,vertical,attempts,failures,attempts_per_particle,deadlock,legal_h,legal_v,attempted_h,attempted_v,failed_h,failed_v,final_state,orientation_exchange
coarse,feedback-4-00005,feedback,16,4,periodic,80000001,2,0.8125,-0.5,0.5,52,13,39,1323,1271,25.442307692307693,0,0,0,642,681,629,642,0,1
coarse,feedback-4-00005,feedback,16,4,periodic,80000012,2,0.796875,-0.6470588235294118,0.6470588235294118,51,9,42,744,693,14.588235294117647,0,0,0,351,393,342,351,0,1
coarse,feedback-4-00076,feedback,16,4,periodic,80000001,3,0.8125,-0.8846153846153846,0.8846153846153846,52,3,49,1218,1166,23.423076923076923,0,0,0,385,833,382,784,0,1
coarse,feedback-4-00076,feedback,16,4,periodic,80000012,3,0.765625,-0.9183673469387755,0.9183673469387755,49,2,47,912,863,18.612244897959183,0,0,0,282,630,280,583,0,1
coarse,feedback-4-01551,feedback,16,4,periodic,80000001,4,0.8125,-0.8846153846153846,0.8846153846153846,52,3,49,1206,1154,23.192307692307693,0,0,0,282,924,279,875,0,1
coarse,feedback-4-01551,feedback,16,4,periodic,80000012,4,0.796875,-0.9607843137254902,0.9607843137254902,51,1,50,544,493,10.666666666666666,0,0,0,115,429,114,379,0,1
coarse,temporal-4-00009,temporal,16,4,periodic,80000001,4,0.78125,-0.52,0.52,50,12,38,1154,1104,23.08,0,0,0,288,866,276,828,2,1
coarse,temporal-4-00009,temporal,16,4,periodic,80000012,4,0.859375,-0.5636363636363636,0.5636363636363636,55,12,43,2964,2909,53.89090909090909,0,0,0,741,2223,729,2180,0,1
coarse,iid-fair,iid-reference,16,4,periodic,80000001,1,0.828125,0.20754716981132076,0.20754716981132076,53,32,21,1657,1604,31.264150943396228,0,0,0,855,802,823,781,,
coarse,iid-fair,iid-reference,16,4,periodic,80000012,1,0.8125,0.15384615384615385,0.15384615384615385,52,30,22,1779,1727,34.21153846153846,0,0,0,888,891,858,869,,
coarse,feedback-4-00005,feedback,16,8,periodic,80100001,2,0.78125,0.6,0.6,25,20,5,1564,1539,62.56,0,0,0,792,772,772,767,0,0
coarse,feedback-4-00005,feedback,16,8,periodic,80100012,2,0.78125,-0.76,0.76,25,3,22,1080,1055,43.2,0,0,0,529,551,526,529,0,1
coarse,feedback-4-00076,feedback,16,8,periodic,80100001,3,0.78125,0.84,0.84,25,23,2,1278,1253,51.12,0,0,0,862,416,839,414,0,0
coarse,feedback-4-00076,feedback,16,8,periodic,80100012,3,1,-1,1,32,0,32,656,624,20.5,0,0,0,206,450,206,418,0,1
coarse,feedback-4-01551,feedback,16,8,periodic,80100001,4,0.8125,0.7692307692307693,0.7692307692307693,26,23,3,1408,1382,54.15384615384615,0,0,0,1065,343,1042,340,0,0
coarse,feedback-4-01551,feedback,16,8,periodic,80100012,4,1,-1,1,32,0,32,580,548,18.125,0,0,0,134,446,134,414,0,1
coarse,temporal-4-00009,temporal,16,8,periodic,80100001,4,0.8125,0.7692307692307693,0.7692307692307693,26,23,3,1970,1944,75.76923076923077,0,0,0,1478,492,1455,489,2,0
coarse,temporal-4-00009,temporal,16,8,periodic,80100012,4,1,-1,1,32,0,32,591,559,18.46875,0,0,0,147,444,147,412,3,1
coarse,iid-fair,iid-reference,16,8,periodic,80100001,1,0.71875,-0.391304347826087,0.391304347826087,23,7,16,226,203,9.826086956521738,0,0,0,106,120,99,104,,
coarse,iid-fair,iid-reference,16,8,periodic,80100012,1,0.8125,-0.46153846153846156,0.46153846153846156,26,7,19,1090,1064,41.92307692307692,0,0,0,559,531,552,512,,
middle,feedback-4-00005,feedback,32,4,periodic,82000001,2,0.80859375,-0.4782608695652174,0.4782608695652174,207,54,153,5627,5420,27.183574879227052,0,0,0,2737,2890,2683,2737,0,1
middle,feedback-4-00005,feedback,32,4,periodic,82000064,2,0.8203125,-0.5428571428571428,0.5428571428571428,210,48,162,8492,8282,40.43809523809524,0,0,0,4165,4327,4117,4165,0,1
middle,temporal-4-00009,temporal,32,4,periodic,82000001,4,0.796875,-0.5490196078431373,0.5490196078431373,204,46,158,4898,4694,24.00980392156863,0,0,0,1224,3674,1178,3516,2,1
middle,temporal-4-00009,temporal,32,4,periodic,82000064,4,0.8125,-0.6826923076923077,0.6826923076923077,208,33,175,10272,10064,49.38461538461539,0,0,0,2568,7704,2535,7529,0,1
middle,iid-fair,iid-reference,32,4,periodic,82000001,1,0.84375,0.027777777777777776,0.027777777777777776,216,111,105,10131,9915,46.90277777777778,0,0,0,5075,5056,4964,4951,,
middle,iid-fair,iid-reference,32,4,periodic,82000064,1,0.80859375,-0.014492753623188406,0.014492753623188406,207,102,105,7510,7303,36.28019323671498,0,0,0,3814,3696,3712,3591,,
middle,feedback-4-23077,feedback,32,4,periodic,82000001,4,0.80078125,-0.014634146341463415,0.014634146341463415,205,101,104,14082,13877,68.69268292682926,0,0,0,7080,7002,6979,6898,0,1
middle,feedback-4-23077,feedback,32,4,periodic,82000064,4,0.8359375,0.17757009345794392,0.17757009345794392,214,126,88,7786,7572,36.38317757009346,0,0,0,3923,3863,3797,3775,2,1
middle,feedback-4-00338,feedback,32,4,periodic,82000001,3,0.796875,0.06862745098039216,0.06862745098039216,204,109,95,6498,6294,31.852941176470587,0,0,0,3221,3277,3112,3182,2,1
middle,feedback-4-00338,feedback,32,4,periodic,82000064,3,0.8046875,-0.07766990291262135,0.07766990291262135,206,95,111,6728,6522,32.66019417475728,0,0,0,3328,3400,3233,3289,2,1
middle,feedback-4-00005,feedback,64,4,periodic,82010001,2,0.80078125,-0.573170731707317,0.573170731707317,820,175,645,33357,32537,40.67926829268293,0,0,0,16356,17001,16181,16356,0,1
middle,feedback-4-00005,feedback,64,4,periodic,82010064,2,0.8193359375,0.499404052443385,0.499404052443385,839,629,210,54997,54158,65.55065554231227,0,0,0,27813,27184,27184,26974,0,0
middle,temporal-4-00009,temporal,64,4,periodic,82010001,4,0.8125,-0.5649038461538461,0.5649038461538461,832,181,651,55020,54188,66.1298076923077,0,0,0,13755,41265,13574,40614,0,1
middle,temporal-4-00009,temporal,64,4,periodic,82010064,4,0.80078125,0.573170731707317,0.573170731707317,820,645,175,43192,42372,52.673170731707316,0,0,0,32394,10798,31749,10623,0,0
middle,iid-fair,iid-reference,64,4,periodic,82010001,1,0.8154296875,-0.015568862275449102,0.015568862275449102,835,411,424,56682,55847,67.88263473053892,0,0,0,28280,28402,27869,27978,,
middle,iid-fair,iid-reference,64,4,periodic,82010064,1,0.794921875,-0.012285012285012284,0.012285012285012284,814,402,412,63324,62510,77.79361179361179,0,0,0,31843,31481,31441,31069,,
middle,feedback-4-23077,feedback,64,4,periodic,82010001,4,0.7978515625,0.16034271725826194,0.16034271725826194,817,474,343,43263,42446,52.95348837209303,0,0,0,21748,21515,21274,21172,0,1
middle,feedback-4-23077,feedback,64,4,periodic,82010064,4,0.830078125,-0.05411764705882353,0.05411764705882353,850,402,448,37418,36568,44.02117647058824,0,0,0,18554,18864,18152,18416,0,0
middle,feedback-4-00338,feedback,64,4,periodic,82010001,3,0.79296875,-0.04433497536945813,0.04433497536945813,812,388,424,36752,35940,45.26108374384236,0,0,0,18245,18507,17857,18083,2,1
middle,feedback-4-00338,feedback,64,4,periodic,82010064,3,0.8125,0.09615384615384616,0.09615384615384616,832,456,376,47750,46918,57.39182692307692,0,0,0,24018,23732,23562,23356,2,0
middle,feedback-4-00005,feedback,32,8,periodic,82100001,2,0.7421875,0.7263157894736842,0.7263157894736842,95,82,13,2514,2419,26.46315789473684,0,0,0,1298,1216,1216,1203,0,0
middle,feedback-4-00005,feedback,32,8,periodic,82100064,2,0.75,-0.9375,0.9375,96,3,93,3245,3149,33.802083333333336,0,0,0,1576,1669,1573,1576,0,1
middle,temporal-4-00009,temporal,32,8,periodic,82100001,4,0.75,0.4583333333333333,0.4583333333333333,96,70,26,2872,2776,29.916666666666668,0,0,0,2154,718,2084,692,0,0
middle,temporal-4-00009,temporal,32,8,periodic,82100064,4,0.7265625,-0.6559139784946236,0.6559139784946236,93,16,77,3418,3325,36.75268817204301,0,0,0,854,2564,838,2487,2,1
middle,iid-fair,iid-reference,32,8,periodic,82100001,1,0.7109375,-0.14285714285714285,0.14285714285714285,91,39,52,3395,3304,37.30769230769231,0,0,0,1733,1662,1694,1610,,
middle,iid-fair,iid-reference,32,8,periodic,82100064,1,0.6953125,-0.16853932584269662,0.16853932584269662,89,37,52,6357,6268,71.42696629213484,0,0,0,3169,3188,3132,3136,,
middle,feedback-4-01555,feedback,32,8,periodic,82100001,4,0.7578125,0.9587628865979382,0.9587628865979382,97,95,2,5026,4929,51.81443298969072,0,0,0,3409,1617,3314,1615,0,0
middle,feedback-4-01555,feedback,32,8,periodic,82100064,4,0.765625,-1,1,98,0,98,3076,2978,31.387755102040817,0,0,0,967,2109,967,2011,0,1
middle,feedback-4-00321,feedback,32,8,periodic,82100001,3,0.7734375,0.9797979797979798,0.9797979797979798,99,98,1,3467,3368,35.02020202020202,0,0,0,1809,1658,1711,1657,2,0
middle,feedback-4-00321,feedback,32,8,periodic,82100064,3,0.7734375,-1,1,99,0,99,4641,4542,46.878787878787875,0,0,0,2247,2394,2247,2295,2,1
middle,feedback-4-00005,feedback,64,8,periodic,82110001,2,0.74609375,0.743455497382199,0.743455497382199,382,333,49,52187,51805,136.6151832460733,0,0,0,26260,25927,25927,25878,0,0
middle,feedback-4-00005,feedback,64,8,periodic,82110064,2,0.765625,0.7704081632653061,0.7704081632653061,392,347,45,19999,19607,51.017857142857146,0,0,0,10173,9826,9826,9781,0,0
middle,temporal-4-00009,temporal,64,8,periodic,82110001,4,0.75390625,0.7202072538860104,0.7202072538860104,386,332,54,53524,53138,138.66321243523316,0,0,0,40143,13381,39811,13327,0,0
middle,temporal-4-00009,temporal,64,8,periodic,82110064,4,0.748046875,0.6553524804177546,0.6553524804177546,383,317,66,72592,72209,189.53524804177545,0,0,0,54444,18148,54127,18082,0,0
middle,iid-fair,iid-reference,64,8,periodic,82110001,1,0.734375,-0.17553191489361702,0.17553191489361702,376,155,221,34326,33950,91.29255319148936,0,0,0,17269,17057,17114,16836,,
middle,iid-fair,iid-reference,64,8,periodic,82110064,1,0.75390625,0.025906735751295335,0.025906735751295335,386,198,188,46867,46481,121.41709844559585,0,0,0,23559,23308,23361,23120,,
middle,feedback-4-01555,feedback,64,8,periodic,82110001,4,0.7734375,0.9696969696969697,0.9696969696969697,396,390,6,25804,25408,65.16161616161617,0,0,0,17441,8363,17051,8357,0,0
middle,feedback-4-01555,feedback,64,8,periodic,82110064,4,0.787109375,0.9553349875930521,0.9553349875930521,403,394,9,31825,31422,78.97022332506204,0,0,0,21463,10362,21069,10353,0,0
middle,feedback-4-00321,feedback,64,8,periodic,82110001,3,0.759765625,0.8920308483290489,0.8920308483290489,389,368,21,28569,28180,73.44215938303341,0,0,0,14561,14008,14193,13987,2,0
middle,feedback-4-00321,feedback,64,8,periodic,82110064,3,0.751953125,0.8545454545454545,0.8545454545454545,385,357,28,23847,23462,61.94025974025974,0,0,0,12202,11645,11845,11617,2,0
confirmation,feedback-4-23071,feedback,64,4,periodic,90000001,4,0.8134765625,-0.03241296518607443,0.03241296518607443,833,403,430,41927,41094,50.332533013205285,0,0,0,20850,21077,20447,20647,0,0
confirmation,feedback-4-23071,feedback,64,4,periodic,90000768,4,0.8125,-0.014423076923076924,0.014423076923076924,832,410,422,51246,50414,61.59375,0,0,0,25519,25727,25109,25305,2,0
confirmation,feedback-4-00005,feedback,64,4,periodic,90000001,2,0.8037109375,0.560145808019441,0.560145808019441,823,642,181,53606,52783,65.13487241798299,0,0,0,27124,26482,26482,26301,0,0
confirmation,feedback-4-00005,feedback,64,4,periodic,90000768,2,0.8056640625,0.49818181818181817,0.49818181818181817,825,618,207,31254,30429,37.88363636363636,0,0,0,15936,15318,15318,15111,0,0
confirmation,temporal-4-00009,temporal,64,4,periodic,90000001,4,0.8056640625,0.5393939393939394,0.5393939393939394,825,635,190,79292,78467,96.11151515151515,0,0,0,59469,19823,58834,19633,0,0
confirmation,temporal-4-00009,temporal,64,4,periodic,90000768,4,0.80078125,0.5585365853658537,0.5585365853658537,820,639,181,45448,44628,55.42439024390244,0,0,0,34086,11362,33447,11181,0,0
confirmation,iid-fair,iid-reference,64,4,periodic,90000001,1,0.822265625,-0.052256532066508314,0.052256532066508314,842,399,443,32748,31906,38.89311163895487,0,0,0,16463,16285,16064,15842,,
confirmation,iid-fair,iid-reference,64,4,periodic,90000768,1,0.8173828125,0.010752688172043012,0.010752688172043012,837,423,414,39764,38927,47.50776583034648,0,0,0,19921,19843,19498,19429,,
confirmation,feedback-4-19873,feedback,64,8,periodic,90100001,4,0.75,-0.010416666666666666,0.010416666666666666,384,190,194,19785,19401,51.5234375,0,0,0,9890,9895,9700,9701,0,0
confirmation,feedback-4-19873,feedback,64,8,periodic,90100768,4,0.751953125,-0.06493506493506493,0.06493506493506493,385,180,205,35299,34914,91.68571428571428,0,0,0,17653,17646,17473,17441,3,0
confirmation,feedback-4-00206,feedback,64,8,periodic,90100001,3,0.75390625,0.08290155440414508,0.08290155440414508,386,209,177,32350,31964,83.80829015544042,0,0,0,16175,16175,15966,15998,1,0
confirmation,feedback-4-00206,feedback,64,8,periodic,90100768,3,0.751953125,-0.2779220779220779,0.2779220779220779,385,139,246,32760,32375,85.0909090909091,0,0,0,16380,16380,16241,16134,1,0
confirmation,feedback-4-00005,feedback,64,8,periodic,90100001,2,0.759765625,0.7840616966580977,0.7840616966580977,389,347,42,36811,36422,94.62982005141389,0,0,0,18579,18232,18232,18190,0,0
confirmation,feedback-4-00005,feedback,64,8,periodic,90100768,2,0.73828125,0.7037037037037037,0.7037037037037037,378,322,56,20908,20530,55.31216931216931,0,0,0,10615,10293,10293,10237,0,0
confirmation,temporal-4-00009,temporal,64,8,periodic,90100001,4,0.73828125,0.7724867724867724,0.7724867724867724,378,335,43,53320,52942,141.05820105820106,0,0,0,39990,13330,39655,13287,0,0
confirmation,temporal-4-00009,temporal,64,8,periodic,90100768,4,0.75,0.7604166666666666,0.7604166666666666,384,338,46,33720,33336,87.8125,0,0,0,25290,8430,24952,8384,0,0
confirmation,iid-fair,iid-reference,64,8,periodic,90100001,1,0.734375,0.13829787234042554,0.13829787234042554,376,214,162,30384,30008,80.80851063829788,0,0,0,15115,15269,14901,15107,,
confirmation,iid-fair,iid-reference,64,8,periodic,90100768,1,0.732421875,0.2693333333333333,0.2693333333333333,375,238,137,29052,28677,77.472,0,0,0,14485,14567,14247,14430,,
