L,k,boundary,seed,deadlock,before_coverage,after_coverage,coverage_gain,added_particles,before_abs_order,after_abs_order
64,2,periodic,800001,1,0.90380859375,0.9072265625,0.00341796875,7,0.0005402485143165856,0.004305705059203444
64,2,periodic,800002,1,0.89892578125,0.90478515625,0.005859375,12,0.0005431830526887561,0.007015650296815974
64,2,periodic,800003,0,0.91064453125,0.91064453125,0,0,0.0005361930294906167,0.0005361930294906167
64,2,periodic,800004,1,0.89794921875,0.91064453125,0.0126953125,26,0.000543773790103317,0.014477211796246649
64,2,periodic,800005,1,0.9013671875,0.90234375,0.0009765625,2,0,0.0010822510822510823
64,2,periodic,800006,1,0.90087890625,0.9033203125,0.00244140625,5,0.0005420054200542005,0.003243243243243243
64,2,periodic,800007,1,0.9033203125,0.91015625,0.0068359375,14,0,0.0075107296137339056
64,2,periodic,800008,1,0.90771484375,0.90966796875,0.001953125,4,0.0005379236148466917,0.0026838432635534087
64,2,periodic,800009,1,0.89892578125,0.90869140625,0.009765625,20,0.0005431830526887561,0.011284255776464266
64,2,periodic,800010,1,0.89697265625,0.90283203125,0.005859375,12,0.0005443658138268917,0.007030827474310438
64,2,periodic,800011,1,0.90576171875,0.90625,0.00048828125,1,0.0005390835579514825,0.0010775862068965517
64,2,periodic,800012,1,0.89599609375,0.90234375,0.00634765625,13,0.0005449591280653951,0.007575757575757576
64,2,periodic,800013,1,0.90576171875,0.9091796875,0.00341796875,7,0.0005390835579514825,0.004296455424274973
64,2,periodic,800014,1,0.9033203125,0.90625,0.0029296875,6,0,0.003232758620689655
64,2,periodic,800015,1,0.9072265625,0.9091796875,0.001953125,4,0,0.0021482277121374865
64,2,periodic,800016,1,0.90576171875,0.9091796875,0.00341796875,7,0.0005390835579514825,0.004296455424274973
64,2,periodic,800017,1,0.8994140625,0.90185546875,0.00244140625,5,0,0.0027070925825663237
64,2,periodic,800018,1,0.90234375,0.9111328125,0.0087890625,18,0,0.00964630225080386
64,2,periodic,800019,1,0.904296875,0.90771484375,0.00341796875,7,0,0.0037654653039268424
64,2,periodic,800020,1,0.8955078125,0.9052734375,0.009765625,20,0,0.010787486515641856
64,2,periodic,800021,1,0.904296875,0.90673828125,0.00244140625,5,0,0.0026925148088314485
64,2,periodic,800022,1,0.9033203125,0.90478515625,0.00146484375,3,0,0.0016189962223421479
64,2,periodic,800023,1,0.89892578125,0.90380859375,0.0048828125,10,0.0005431830526887561,0.005942733657482442
64,2,periodic,800024,0,0.90234375,0.90234375,0,0,0,0
64,2,periodic,800025,0,0.90869140625,0.90869140625,0,0,0.0005373455131649651,0.0005373455131649651
64,2,periodic,800026,1,0.90185546875,0.9072265625,0.00537109375,11,0.0005414185165132648,0.006458557588805167
64,2,periodic,800027,1,0.8984375,0.90087890625,0.00244140625,5,0,0.0027100271002710027
64,2,periodic,800028,1,0.90185546875,0.91015625,0.00830078125,17,0.0005414185165132648,0.009656652360515022
64,2,periodic,800029,1,0.904296875,0.9052734375,0.0009765625,2,0,0.0010787486515641855
64,2,periodic,800030,1,0.90966796875,0.91259765625,0.0029296875,6,0.0005367686527106817,0.003745318352059925
64,2,periodic,800031,1,0.9052734375,0.91064453125,0.00537109375,11,0,0.005898123324396783
64,2,periodic,800032,1,0.89892578125,0.90380859375,0.0048828125,10,0.0005431830526887561,0.005942733657482442
64,2,periodic,800033,1,0.90478515625,0.90625,0.00146484375,3,0.0005396654074473826,0.0021551724137931034
64,2,periodic,800034,1,0.9072265625,0.90771484375,0.00048828125,1,0,0.0005379236148466917
64,2,periodic,800035,1,0.90087890625,0.90283203125,0.001953125,4,0.0005420054200542005,0.0027041644131963224
64,2,periodic,800036,1,0.90185546875,0.90771484375,0.005859375,12,0.0005414185165132648,0.006993006993006993
64,2,periodic,800037,1,0.908203125,0.90869140625,0.00048828125,1,0,0.0005373455131649651
64,2,periodic,800038,1,0.90625,0.90771484375,0.00146484375,3,0,0.0016137708445400753
64,2,periodic,800039,1,0.90185546875,0.90234375,0.00048828125,1,0.0005414185165132648,0.0010822510822510823
64,2,periodic,800040,1,0.904296875,0.90771484375,0.00341796875,7,0,0.0037654653039268424
64,2,periodic,800041,1,0.90185546875,0.908203125,0.00634765625,13,0.0005414185165132648,0.007526881720430108
64,2,periodic,800042,1,0.90283203125,0.90478515625,0.001953125,4,0.0005408328826392645,0.002698327037236913
64,2,periodic,800043,1,0.90673828125,0.91064453125,0.00390625,8,0.0005385029617662897,0.00482573726541555
64,2,periodic,800044,1,0.90673828125,0.908203125,0.00146484375,3,0.0005385029617662897,0.002150537634408602
64,2,periodic,800045,1,0.90625,0.9072265625,0.0009765625,2,0,0.001076426264800861
64,2,periodic,800046,1,0.90771484375,0.90869140625,0.0009765625,2,0.0005379236148466917,0.0016120365394948952
64,2,periodic,800047,1,0.8994140625,0.90185546875,0.00244140625,5,0,0.0027070925825663237
64,2,periodic,800048,1,0.90478515625,0.90771484375,0.0029296875,6,0.0005396654074473826,0.0037654653039268424
64,2,periodic,800049,1,0.90283203125,0.90576171875,0.0029296875,6,0.0005408328826392645,0.0037735849056603774
64,2,periodic,800050,1,0.8984375,0.89990234375,0.00146484375,3,0,0.0016277807921866521
64,2,periodic,800051,1,0.90478515625,0.9072265625,0.00244140625,5,0.0005396654074473826,0.0032292787944025836
64,2,periodic,800052,1,0.90087890625,0.908203125,0.00732421875,15,0.0005420054200542005,0.008602150537634409
64,2,periodic,800053,1,0.90087890625,0.91064453125,0.009765625,20,0.0005420054200542005,0.011260053619302948
64,2,periodic,800054,1,0.9033203125,0.90673828125,0.00341796875,7,0,0.003769520732364028
64,2,periodic,800055,1,0.8974609375,0.9052734375,0.0078125,16,0,0.008629989212513484
64,2,periodic,800056,1,0.90869140625,0.90966796875,0.0009765625,2,0.0005373455131649651,0.001610305958132045
64,2,periodic,800057,1,0.8935546875,0.9052734375,0.01171875,24,0,0.012944983818770227
64,2,periodic,800058,1,0.89697265625,0.90087890625,0.00390625,8,0.0005443658138268917,0.004878048780487805
64,2,periodic,800059,1,0.91015625,0.9130859375,0.0029296875,6,0,0.0032085561497326204
64,2,periodic,800060,1,0.8974609375,0.9033203125,0.005859375,12,0,0.006486486486486486
64,2,periodic,800061,1,0.8896484375,0.9013671875,0.01171875,24,0,0.013001083423618635
64,2,periodic,800062,1,0.90478515625,0.9111328125,0.00634765625,13,0.0005396654074473826,0.007502679528403001
64,2,periodic,800063,1,0.8974609375,0.904296875,0.0068359375,14,0,0.00755939524838013
64,2,periodic,800064,1,0.9033203125,0.90625,0.0029296875,6,0,0.003232758620689655
64,2,periodic,800065,1,0.89794921875,0.9091796875,0.01123046875,23,0.000543773790103317,0.01288936627282492
64,2,periodic,800066,0,0.9111328125,0.9111328125,0,0,0,0
64,2,periodic,800067,1,0.9189453125,0.91943359375,0.00048828125,1,0,0.0005310674455655868
64,2,periodic,800068,1,0.89892578125,0.9072265625,0.00830078125,17,0.0005431830526887561,0.00968783638320775
64,2,periodic,800069,1,0.9013671875,0.904296875,0.0029296875,6,0,0.0032397408207343412
64,2,periodic,800070,1,0.89453125,0.900390625,0.005859375,12,0,0.006507592190889371
64,2,periodic,800071,1,0.9033203125,0.90576171875,0.00244140625,5,0,0.0026954177897574125
64,2,periodic,800072,0,0.90576171875,0.90576171875,0,0,0.0005390835579514825,0.0005390835579514825
64,2,periodic,800073,1,0.89892578125,0.908203125,0.00927734375,19,0.0005431830526887561,0.010752688172043012
64,2,periodic,800074,1,0.89794921875,0.90576171875,0.0078125,16,0.000543773790103317,0.009164420485175202
64,2,periodic,800075,1,0.91015625,0.9130859375,0.0029296875,6,0,0.0032085561497326204
64,2,periodic,800076,0,0.90869140625,0.90869140625,0,0,0.0005373455131649651,0.0005373455131649651
64,2,periodic,800077,1,0.9052734375,0.908203125,0.0029296875,6,0,0.0032258064516129032
64,2,periodic,800078,1,0.8994140625,0.90478515625,0.00537109375,11,0,0.0059363194819212085
64,2,periodic,800079,0,0.90625,0.90625,0,0,0,0
64,2,periodic,800080,0,0.90966796875,0.90966796875,0,0,0.0005367686527106817,0.0005367686527106817
64,2,periodic,800081,1,0.89990234375,0.9091796875,0.00927734375,19,0.0005425935973955507,0.010741138560687433
64,2,periodic,800082,0,0.9072265625,0.9072265625,0,0,0,0
64,2,periodic,800083,1,0.90380859375,0.90625,0.00244140625,5,0.0005402485143165856,0.003232758620689655
64,2,periodic,800084,1,0.9013671875,0.90185546875,0.00048828125,1,0,0.0005414185165132648
64,2,periodic,800085,1,0.9033203125,0.90625,0.0029296875,6,0,0.003232758620689655
64,2,periodic,800086,1,0.908203125,0.91064453125,0.00244140625,5,0,0.002680965147453083
64,2,periodic,800087,1,0.90234375,0.908203125,0.005859375,12,0,0.0064516129032258064
64,2,periodic,800088,1,0.900390625,0.90771484375,0.00732421875,15,0,0.008068854222700376
64,2,periodic,800089,1,0.90087890625,0.9013671875,0.00048828125,1,0.0005420054200542005,0.0010834236186348862
64,2,periodic,800090,1,0.90380859375,0.90771484375,0.00390625,8,0.0005402485143165856,0.004841312533620226
64,2,periodic,800091,1,0.8994140625,0.90380859375,0.00439453125,9,0,0.004862236628849271
64,2,periodic,800092,1,0.90869140625,0.9091796875,0.00048828125,1,0.0005373455131649651,0.0010741138560687433
64,2,periodic,800093,1,0.89404296875,0.9013671875,0.00732421875,15,0.0005461496450027307,0.00866738894907909
64,2,periodic,800094,1,0.9052734375,0.90966796875,0.00439453125,9,0,0.004830917874396135
64,2,periodic,800095,1,0.9013671875,0.90771484375,0.00634765625,13,0,0.006993006993006993
64,2,periodic,800096,1,0.90478515625,0.90625,0.00146484375,3,0.0005396654074473826,0.0021551724137931034
64,2,periodic,800097,1,0.9072265625,0.90771484375,0.00048828125,1,0,0.0005379236148466917
64,2,periodic,800098,1,0.90380859375,0.904296875,0.00048828125,1,0.0005402485143165856,0.0010799136069114472
64,2,periodic,800099,0,0.90673828125,0.90673828125,0,0,0.0005385029617662897,0.0005385029617662897
64,2,periodic,800100,0,0.90380859375,0.90380859375,0,0,0.0005402485143165856,0.0005402485143165856
64,2,periodic,800101,1,0.9072265625,0.90771484375,0.00048828125,1,0,0.0005379236148466917
64,2,periodic,800102,1,0.9033203125,0.9091796875,0.005859375,12,0,0.00644468313641246
64,2,periodic,800103,1,0.904296875,0.9072265625,0.0029296875,6,0,0.0032292787944025836
64,2,periodic,800104,1,0.9150390625,0.92041015625,0.00537109375,11,0,0.005835543766578249
64,2,periodic,800105,0,0.9033203125,0.9033203125,0,0,0,0
64,2,periodic,800106,1,0.90380859375,0.9091796875,0.00537109375,11,0.0005402485143165856,0.00644468313641246
64,2,periodic,800107,1,0.896484375,0.8994140625,0.0029296875,6,0,0.003257328990228013
64,2,periodic,800108,1,0.9091796875,0.9130859375,0.00390625,8,0,0.0042780748663101605
64,2,periodic,800109,1,0.9013671875,0.90380859375,0.00244140625,5,0,0.002701242571582928
64,2,periodic,800110,1,0.9130859375,0.91455078125,0.00146484375,3,0,0.001601708489054992
64,2,periodic,800111,1,0.9052734375,0.90966796875,0.00439453125,9,0,0.004830917874396135
64,2,periodic,800112,1,0.896484375,0.904296875,0.0078125,16,0,0.008639308855291577
64,2,periodic,800113,1,0.89990234375,0.90283203125,0.0029296875,6,0.0005425935973955507,0.0037858301784748512
64,2,periodic,800114,1,0.9013671875,0.904296875,0.0029296875,6,0,0.0032397408207343412
64,2,periodic,800115,1,0.90673828125,0.90966796875,0.0029296875,6,0.0005385029617662897,0.003757380568974772
64,2,periodic,800116,0,0.90576171875,0.90576171875,0,0,0.0005390835579514825,0.0005390835579514825
64,2,periodic,800117,1,0.900390625,0.9091796875,0.0087890625,18,0,0.00966702470461869
64,2,periodic,800118,1,0.89453125,0.90283203125,0.00830078125,17,0,0.009194159004867496
64,2,periodic,800119,1,0.90380859375,0.91064453125,0.0068359375,14,0.0005402485143165856,0.00804289544235925
64,2,periodic,800120,0,0.908203125,0.908203125,0,0,0,0
64,2,periodic,800121,1,0.90576171875,0.9072265625,0.00146484375,3,0.0005390835579514825,0.002152852529601722
64,2,periodic,800122,1,0.900390625,0.90087890625,0.00048828125,1,0,0.0005420054200542005
64,2,periodic,800123,1,0.89892578125,0.90087890625,0.001953125,4,0.0005431830526887561,0.0027100271002710027
64,2,periodic,800124,1,0.9013671875,0.90380859375,0.00244140625,5,0,0.002701242571582928
64,2,periodic,800125,1,0.9111328125,0.91162109375,0.00048828125,1,0,0.0005356186395286556
64,2,periodic,800126,1,0.89990234375,0.900390625,0.00048828125,1,0.0005425935973955507,0.0010845986984815619
64,2,periodic,800127,1,0.90185546875,0.908203125,0.00634765625,13,0.0005414185165132648,0.007526881720430108
64,2,periodic,800128,1,0.89306640625,0.8994140625,0.00634765625,13,0.0005467468562055768,0.00760043431053203
64,2,periodic,800129,1,0.89599609375,0.90966796875,0.013671875,28,0.0005449591280653951,0.015566290928609769
64,2,periodic,800130,1,0.8994140625,0.90625,0.0068359375,14,0,0.007543103448275862
64,2,periodic,800131,1,0.90576171875,0.90625,0.00048828125,1,0.0005390835579514825,0.0010775862068965517
64,2,periodic,800132,1,0.90087890625,0.90869140625,0.0078125,16,0.0005420054200542005,0.009134873723804407
64,2,periodic,800133,1,0.90234375,0.908203125,0.005859375,12,0,0.0064516129032258064
64,2,periodic,800134,1,0.90869140625,0.9091796875,0.00048828125,1,0.0005373455131649651,0.0010741138560687433
64,2,periodic,800135,0,0.9052734375,0.9052734375,0,0,0,0
64,2,periodic,800136,1,0.89404296875,0.90234375,0.00830078125,17,0.0005461496450027307,0.00974025974025974
64,2,periodic,800137,1,0.90771484375,0.9091796875,0.00146484375,3,0.0005379236148466917,0.0021482277121374865
64,2,periodic,800138,1,0.9013671875,0.9033203125,0.001953125,4,0,0.002162162162162162
64,2,periodic,800139,0,0.90478515625,0.90478515625,0,0,0.0005396654074473826,0.0005396654074473826
64,2,periodic,800140,1,0.89697265625,0.90283203125,0.005859375,12,0.0005443658138268917,0.007030827474310438
64,2,periodic,800141,1,0.90380859375,0.90478515625,0.0009765625,2,0.0005402485143165856,0.0016189962223421479
64,2,periodic,800142,1,0.89892578125,0.90380859375,0.0048828125,10,0.0005431830526887561,0.005942733657482442
64,2,periodic,800143,1,0.896484375,0.900390625,0.00390625,8,0,0.004338394793926247
64,2,periodic,800144,1,0.90234375,0.90576171875,0.00341796875,7,0,0.0037735849056603774
64,2,periodic,800145,1,0.91015625,0.912109375,0.001953125,4,0,0.0021413276231263384
64,2,periodic,800146,1,0.90087890625,0.90771484375,0.0068359375,14,0.0005420054200542005,0.008068854222700376
64,2,periodic,800147,1,0.8994140625,0.904296875,0.0048828125,10,0,0.005399568034557235
64,2,periodic,800148,1,0.89306640625,0.90234375,0.00927734375,19,0.0005467468562055768,0.010822510822510822
64,2,periodic,800149,1,0.8994140625,0.904296875,0.0048828125,10,0,0.005399568034557235
64,2,periodic,800150,1,0.89306640625,0.90380859375,0.0107421875,22,0.0005467468562055768,0.01242571582928147
64,2,periodic,800151,1,0.904296875,0.90966796875,0.00537109375,11,0,0.005904455179817499
64,2,periodic,800152,1,0.90283203125,0.904296875,0.00146484375,3,0.0005408328826392645,0.0021598272138228943
64,2,periodic,800153,1,0.90869140625,0.9091796875,0.00048828125,1,0.0005373455131649651,0.0010741138560687433
64,2,periodic,800154,1,0.89794921875,0.90380859375,0.005859375,12,0.000543773790103317,0.007023230686115613
64,2,periodic,800155,1,0.9091796875,0.91162109375,0.00244140625,5,0,0.002678093197643278
64,2,periodic,800156,1,0.89990234375,0.91357421875,0.013671875,28,0.0005425935973955507,0.01549973276322822
64,2,periodic,800157,1,0.89892578125,0.90283203125,0.00390625,8,0.0005431830526887561,0.0048674959437533805
64,2,periodic,800158,1,0.9033203125,0.90380859375,0.00048828125,1,0,0.0005402485143165856
64,2,periodic,800159,1,0.90234375,0.9072265625,0.0048828125,10,0,0.005382131324004306
64,2,periodic,800160,1,0.900390625,0.9033203125,0.0029296875,6,0,0.003243243243243243
64,2,periodic,800161,1,0.90087890625,0.90380859375,0.0029296875,6,0.0005420054200542005,0.0037817396002160996
64,2,periodic,800162,1,0.89599609375,0.90576171875,0.009765625,20,0.0005449591280653951,0.011320754716981131
64,2,periodic,800163,1,0.9052734375,0.91064453125,0.00537109375,11,0,0.005898123324396783
64,2,periodic,800164,1,0.9013671875,0.90478515625,0.00341796875,7,0,0.0037776578521316784
64,2,periodic,800165,1,0.90283203125,0.9111328125,0.00830078125,17,0.0005408328826392645,0.00964630225080386
64,2,periodic,800166,1,0.896484375,0.908203125,0.01171875,24,0,0.012903225806451613
64,2,periodic,800167,1,0.90234375,0.908203125,0.005859375,12,0,0.0064516129032258064
64,2,periodic,800168,1,0.91015625,0.91064453125,0.00048828125,1,0,0.0005361930294906167
64,2,periodic,800169,1,0.90234375,0.90380859375,0.00146484375,3,0,0.0016207455429497568
64,2,periodic,800170,1,0.90771484375,0.916015625,0.00830078125,17,0.0005379236148466917,0.009594882729211088
64,2,periodic,800171,1,0.90185546875,0.9072265625,0.00537109375,11,0.0005414185165132648,0.006458557588805167
64,2,periodic,800172,1,0.89990234375,0.90576171875,0.005859375,12,0.0005425935973955507,0.007008086253369272
64,2,periodic,800173,1,0.89404296875,0.90283203125,0.0087890625,18,0.0005461496450027307,0.010275824770146024
64,2,periodic,800174,1,0.90673828125,0.9072265625,0.00048828125,1,0.0005385029617662897,0.001076426264800861
64,2,periodic,800175,1,0.9013671875,0.9072265625,0.005859375,12,0,0.006458557588805167
64,2,periodic,800176,0,0.90771484375,0.90771484375,0,0,0.0005379236148466917,0.0005379236148466917
64,2,periodic,800177,1,0.90234375,0.90478515625,0.00244140625,5,0,0.002698327037236913
64,2,periodic,800178,1,0.8994140625,0.90380859375,0.00439453125,9,0,0.004862236628849271
64,2,periodic,800179,1,0.90625,0.9091796875,0.0029296875,6,0,0.00322234156820623
64,2,periodic,800180,1,0.8916015625,0.90478515625,0.01318359375,27,0,0.01457096600107933
64,2,periodic,800181,1,0.908203125,0.90966796875,0.00146484375,3,0,0.001610305958132045
64,2,periodic,800182,1,0.89111328125,0.9052734375,0.01416015625,29,0.000547945205479452,0.016181229773462782
64,2,periodic,800183,1,0.908203125,0.90966796875,0.00146484375,3,0,0.001610305958132045
64,2,periodic,800184,0,0.91259765625,0.91259765625,0,0,0.0005350454788657035,0.0005350454788657035
64,2,periodic,800185,0,0.9072265625,0.9072265625,0,0,0,0
64,2,periodic,800186,1,0.9091796875,0.91455078125,0.00537109375,11,0,0.0058729311265349705
64,2,periodic,800187,1,0.900390625,0.9052734375,0.0048828125,10,0,0.005393743257820928
64,2,periodic,800188,1,0.9013671875,0.90234375,0.0009765625,2,0,0.0010822510822510823
64,2,periodic,800189,1,0.8994140625,0.89990234375,0.00048828125,1,0,0.0005425935973955507
64,2,periodic,800190,1,0.90185546875,0.9052734375,0.00341796875,7,0.0005414185165132648,0.004314994606256742
64,2,periodic,800191,1,0.90771484375,0.9140625,0.00634765625,13,0.0005379236148466917,0.007478632478632479
64,2,periodic,800192,1,0.90576171875,0.91259765625,0.0068359375,14,0.0005390835579514825,0.008025682182985553
64,2,periodic,800193,1,0.90625,0.91064453125,0.00439453125,9,0,0.00482573726541555
64,2,periodic,800194,1,0.90576171875,0.908203125,0.00244140625,5,0.0005390835579514825,0.0032258064516129032
64,2,periodic,800195,1,0.90771484375,0.90966796875,0.001953125,4,0.0005379236148466917,0.0026838432635534087
64,2,periodic,800196,1,0.90380859375,0.904296875,0.00048828125,1,0.0005402485143165856,0.0010799136069114472
64,2,periodic,800197,1,0.8935546875,0.904296875,0.0107421875,22,0,0.011879049676025918
64,2,periodic,800198,1,0.90673828125,0.91259765625,0.005859375,12,0.0005385029617662897,0.006955591225254147
64,2,periodic,800199,1,0.9013671875,0.90625,0.0048828125,10,0,0.005387931034482759
64,2,periodic,800200,0,0.90478515625,0.90478515625,0,0,0.0005396654074473826,0.0005396654074473826
64,2,periodic,800201,1,0.9033203125,0.904296875,0.0009765625,2,0,0.0010799136069114472
64,2,periodic,800202,1,0.91064453125,0.9111328125,0.00048828125,1,0.0005361930294906167,0.0010718113612004287
64,2,periodic,800203,1,0.90869140625,0.91259765625,0.00390625,8,0.0005373455131649651,0.004815409309791332
64,2,periodic,800204,1,0.89794921875,0.9033203125,0.00537109375,11,0.000543773790103317,0.006486486486486486
64,2,periodic,800205,1,0.9091796875,0.90966796875,0.00048828125,1,0,0.0005367686527106817
64,2,periodic,800206,1,0.900390625,0.90087890625,0.00048828125,1,0,0.0005420054200542005
64,2,periodic,800207,1,0.908203125,0.9091796875,0.0009765625,2,0,0.0010741138560687433
64,2,periodic,800208,1,0.9072265625,0.91064453125,0.00341796875,7,0,0.0037533512064343165
64,2,periodic,800209,1,0.90771484375,0.91064453125,0.0029296875,6,0.0005379236148466917,0.0037533512064343165
64,2,periodic,800210,0,0.91064453125,0.91064453125,0,0,0.0005361930294906167,0.0005361930294906167
64,2,periodic,800211,1,0.89599609375,0.90673828125,0.0107421875,22,0.0005449591280653951,0.012385568120624663
64,2,periodic,800212,1,0.89501953125,0.89794921875,0.0029296875,6,0.0005455537370430987,0.0038064165307232192
64,2,periodic,800213,0,0.89990234375,0.89990234375,0,0,0.0005425935973955507,0.0005425935973955507
64,2,periodic,800214,1,0.9072265625,0.90771484375,0.00048828125,1,0,0.0005379236148466917
64,2,periodic,800215,1,0.9091796875,0.90966796875,0.00048828125,1,0,0.0005367686527106817
64,2,periodic,800216,0,0.9072265625,0.9072265625,0,0,0,0
64,2,periodic,800217,1,0.912109375,0.91259765625,0.00048828125,1,0,0.0005350454788657035
64,2,periodic,800218,1,0.90966796875,0.91064453125,0.0009765625,2,0.0005367686527106817,0.0016085790884718498
64,2,periodic,800219,1,0.908203125,0.9130859375,0.0048828125,10,0,0.0053475935828877
64,2,periodic,800220,1,0.896484375,0.90478515625,0.00830078125,17,0,0.009174311926605505
64,2,periodic,800221,1,0.908203125,0.90869140625,0.00048828125,1,0,0.0005373455131649651
64,2,periodic,800222,1,0.8955078125,0.904296875,0.0087890625,18,0,0.009719222462203024
64,2,periodic,800223,0,0.91162109375,0.91162109375,0,0,0.0005356186395286556,0.0005356186395286556
64,2,periodic,800224,1,0.90673828125,0.91162109375,0.0048828125,10,0.0005385029617662897,0.0058918050348152114
64,2,periodic,800225,1,0.90771484375,0.91064453125,0.0029296875,6,0.0005379236148466917,0.0037533512064343165
64,2,periodic,800226,1,0.90087890625,0.9033203125,0.00244140625,5,0.0005420054200542005,0.003243243243243243
64,2,periodic,800227,1,0.89501953125,0.89892578125,0.00390625,8,0.0005455537370430987,0.004888647474198805
64,2,periodic,800228,1,0.9150390625,0.9169921875,0.001953125,4,0,0.002129925452609159
64,2,periodic,800229,1,0.90185546875,0.90771484375,0.005859375,12,0.0005414185165132648,0.006993006993006993
64,2,periodic,800230,1,0.90380859375,0.90478515625,0.0009765625,2,0.0005402485143165856,0.0016189962223421479
64,2,periodic,800231,1,0.90185546875,0.9052734375,0.00341796875,7,0.0005414185165132648,0.004314994606256742
64,2,periodic,800232,1,0.90576171875,0.9072265625,0.00146484375,3,0.0005390835579514825,0.002152852529601722
64,2,periodic,800233,1,0.90625,0.9091796875,0.0029296875,6,0,0.00322234156820623
64,2,periodic,800234,0,0.900390625,0.900390625,0,0,0,0
64,2,periodic,800235,1,0.91162109375,0.912109375,0.00048828125,1,0.0005356186395286556,0.0010706638115631692
64,2,periodic,800236,1,0.89794921875,0.90625,0.00830078125,17,0.000543773790103317,0.009698275862068966
64,2,periodic,800237,1,0.904296875,0.90771484375,0.00341796875,7,0,0.0037654653039268424
64,2,periodic,800238,1,0.90234375,0.90966796875,0.00732421875,15,0,0.008051529790660225
64,2,periodic,800239,0,0.8974609375,0.8974609375,0,0,0,0
64,2,periodic,800240,1,0.89892578125,0.90966796875,0.0107421875,22,0.0005431830526887561,0.012345679012345678
64,2,periodic,800241,1,0.8876953125,0.90234375,0.0146484375,30,0,0.016233766233766232
64,2,periodic,800242,0,0.9052734375,0.9052734375,0,0,0,0
64,2,periodic,800243,1,0.8984375,0.90185546875,0.00341796875,7,0,0.003789929615592853
64,2,periodic,800244,0,0.904296875,0.904296875,0,0,0,0
64,2,periodic,800245,1,0.9072265625,0.91162109375,0.00439453125,9,0,0.0048205677557579
64,2,periodic,800246,1,0.9013671875,0.90234375,0.0009765625,2,0,0.0010822510822510823
64,2,periodic,800247,1,0.900390625,0.91552734375,0.01513671875,31,0,0.016533333333333334
64,2,periodic,800248,1,0.9033203125,0.9052734375,0.001953125,4,0,0.002157497303128371
64,2,periodic,800249,0,0.904296875,0.904296875,0,0,0,0
64,2,periodic,800250,1,0.90234375,0.9033203125,0.0009765625,2,0,0.001081081081081081
64,2,periodic,800251,0,0.90576171875,0.90576171875,0,0,0.0005390835579514825,0.0005390835579514825
64,2,periodic,800252,1,0.9072265625,0.90771484375,0.00048828125,1,0,0.0005379236148466917
64,2,periodic,800253,1,0.90478515625,0.90625,0.00146484375,3,0.0005396654074473826,0.0021551724137931034
64,2,periodic,800254,1,0.908203125,0.90966796875,0.00146484375,3,0,0.001610305958132045
64,2,periodic,800255,1,0.9091796875,0.91015625,0.0009765625,2,0,0.001072961373390558
64,2,periodic,800256,1,0.90625,0.90869140625,0.00244140625,5,0,0.0026867275658248252
64,4,periodic,800001,1,0.7978515625,0.8017578125,0.00390625,4,0.0012239902080783353,0.0060901339829476245
64,4,periodic,800002,1,0.8095703125,0.818359375,0.0087890625,9,0.0012062726176115801,0.011933174224343675
64,4,periodic,800003,1,0.806640625,0.8193359375,0.0126953125,13,0,0.015494636471990465
64,4,periodic,800004,0,0.80859375,0.80859375,0,0,0,0
64,4,periodic,800005,1,0.8037109375,0.81640625,0.0126953125,13,0.001215066828675577,0.01674641148325359
64,4,periodic,800006,1,0.794921875,0.8095703125,0.0146484375,15,0,0.018094089264173704
64,4,periodic,800007,1,0.814453125,0.8154296875,0.0009765625,1,0,0.0011976047904191617
64,4,periodic,800008,1,0.7958984375,0.8017578125,0.005859375,6,0.001226993865030675,0.008526187576126675
64,4,periodic,800009,1,0.8095703125,0.814453125,0.0048828125,5,0.0012062726176115801,0.007194244604316547
64,4,periodic,800010,1,0.7978515625,0.8056640625,0.0078125,8,0.0012239902080783353,0.01090909090909091
64,4,periodic,800011,1,0.796875,0.80078125,0.00390625,4,0,0.004878048780487805
64,4,periodic,800012,1,0.796875,0.8046875,0.0078125,8,0,0.009708737864077669
64,4,periodic,800013,1,0.80859375,0.8203125,0.01171875,12,0,0.014285714285714285
64,4,periodic,800014,1,0.7822265625,0.7978515625,0.015625,16,0.0012484394506866417,0.0208078335373317
64,4,periodic,800015,0,0.798828125,0.798828125,0,0,0,0
64,4,periodic,800016,1,0.78515625,0.8017578125,0.0166015625,17,0,0.020706455542021926
64,4,periodic,800017,1,0.818359375,0.8193359375,0.0009765625,1,0,0.0011918951132300357
64,4,periodic,800018,1,0.802734375,0.8115234375,0.0087890625,9,0,0.010830324909747292
64,4,periodic,800019,1,0.8017578125,0.8056640625,0.00390625,4,0.001218026796589525,0.006060606060606061
64,4,periodic,800020,1,0.796875,0.8046875,0.0078125,8,0,0.009708737864077669
64,4,periodic,800021,1,0.806640625,0.8095703125,0.0029296875,3,0,0.0036188178528347406
64,4,periodic,800022,1,0.7958984375,0.8125,0.0166015625,17,0.001226993865030675,0.021634615384615384
64,4,periodic,800023,1,0.8046875,0.8095703125,0.0048828125,5,0,0.006031363088057901
64,4,periodic,800024,1,0.7978515625,0.8076171875,0.009765625,10,0.0012239902080783353,0.013301088270858524
64,4,periodic,800025,1,0.81640625,0.8173828125,0.0009765625,1,0,0.0011947431302270011
64,4,periodic,800026,1,0.7900390625,0.8076171875,0.017578125,18,0.0012360939431396785,0.022974607013301087
64,4,periodic,800027,1,0.8037109375,0.8125,0.0087890625,9,0.001215066828675577,0.01201923076923077
64,4,periodic,800028,1,0.806640625,0.8154296875,0.0087890625,9,0,0.010778443113772455
64,4,periodic,800029,1,0.783203125,0.806640625,0.0234375,24,0,0.029055690072639227
64,4,periodic,800030,0,0.8056640625,0.8056640625,0,0,0.0012121212121212121,0.0012121212121212121
64,4,periodic,800031,1,0.78125,0.8017578125,0.0205078125,21,0,0.025578562728380026
64,4,periodic,800032,1,0.79296875,0.7998046875,0.0068359375,7,0,0.008547008547008548
64,4,periodic,800033,1,0.810546875,0.8173828125,0.0068359375,7,0,0.008363201911589008
64,4,periodic,800034,1,0.7958984375,0.8154296875,0.01953125,20,0.001226993865030675,0.025149700598802394
64,4,periodic,800035,1,0.806640625,0.822265625,0.015625,16,0,0.019002375296912115
64,4,periodic,800036,1,0.796875,0.8046875,0.0078125,8,0,0.009708737864077669
64,4,periodic,800037,1,0.8154296875,0.8193359375,0.00390625,4,0.0011976047904191617,0.0059594755661501785
64,4,periodic,800038,1,0.8056640625,0.8173828125,0.01171875,12,0.0012121212121212121,0.015531660692951015
64,4,periodic,800039,1,0.8037109375,0.8115234375,0.0078125,8,0.001215066828675577,0.010830324909747292
64,4,periodic,800040,0,0.806640625,0.806640625,0,0,0,0
64,4,periodic,800041,1,0.80859375,0.8134765625,0.0048828125,5,0,0.006002400960384154
64,4,periodic,800042,1,0.7998046875,0.8056640625,0.005859375,6,0.001221001221001221,0.008484848484848486
64,4,periodic,800043,1,0.79296875,0.7958984375,0.0029296875,3,0,0.0036809815950920245
64,4,periodic,800044,1,0.8017578125,0.8037109375,0.001953125,2,0.001218026796589525,0.0036452004860267314
64,4,periodic,800045,1,0.7978515625,0.8095703125,0.01171875,12,0.0012239902080783353,0.015681544028950542
64,4,periodic,800046,1,0.796875,0.8037109375,0.0068359375,7,0,0.00850546780072904
64,4,periodic,800047,1,0.8076171875,0.8173828125,0.009765625,10,0.0012091898428053204,0.013142174432497013
64,4,periodic,800048,1,0.798828125,0.8017578125,0.0029296875,3,0,0.0036540803897685747
64,4,periodic,800049,1,0.7998046875,0.81640625,0.0166015625,17,0.001221001221001221,0.0215311004784689
64,4,periodic,800050,1,0.8046875,0.8173828125,0.0126953125,13,0,0.015531660692951015
64,4,periodic,800051,1,0.7919921875,0.806640625,0.0146484375,15,0.0012330456226880395,0.01937046004842615
64,4,periodic,800052,0,0.80078125,0.80078125,0,0,0,0
64,4,periodic,800053,1,0.796875,0.8037109375,0.0068359375,7,0,0.00850546780072904
64,4,periodic,800054,1,0.810546875,0.814453125,0.00390625,4,0,0.004796163069544364
64,4,periodic,800055,1,0.8056640625,0.814453125,0.0087890625,9,0.0012121212121212121,0.011990407673860911
64,4,periodic,800056,1,0.7998046875,0.806640625,0.0068359375,7,0.001221001221001221,0.009685230024213076
64,4,periodic,800057,1,0.806640625,0.8115234375,0.0048828125,5,0,0.006016847172081829
64,4,periodic,800058,1,0.791015625,0.80078125,0.009765625,10,0,0.012195121951219513
64,4,periodic,800059,1,0.8193359375,0.8212890625,0.001953125,2,0.0011918951132300357,0.0035671819262782403
64,4,periodic,800060,1,0.8076171875,0.818359375,0.0107421875,11,0.0012091898428053204,0.014319809069212411
64,4,periodic,800061,1,0.806640625,0.8076171875,0.0009765625,1,0,0.0012091898428053204
64,4,periodic,800062,1,0.80859375,0.8134765625,0.0048828125,5,0,0.006002400960384154
64,4,periodic,800063,1,0.7919921875,0.8056640625,0.013671875,14,0.0012330456226880395,0.01818181818181818
64,4,periodic,800064,1,0.8017578125,0.80859375,0.0068359375,7,0.001218026796589525,0.00966183574879227
64,4,periodic,800065,1,0.806640625,0.8173828125,0.0107421875,11,0,0.013142174432497013
64,4,periodic,800066,1,0.798828125,0.8017578125,0.0029296875,3,0,0.0036540803897685747
64,4,periodic,800067,1,0.7939453125,0.8056640625,0.01171875,12,0.0012300123001230013,0.01575757575757576
64,4,periodic,800068,1,0.80859375,0.81640625,0.0078125,8,0,0.009569377990430622
64,4,periodic,800069,1,0.798828125,0.802734375,0.00390625,4,0,0.004866180048661801
64,4,periodic,800070,1,0.783203125,0.80078125,0.017578125,18,0,0.02195121951219512
64,4,periodic,800071,1,0.7978515625,0.8134765625,0.015625,16,0.0012239902080783353,0.02040816326530612
64,4,periodic,800072,1,0.7841796875,0.8037109375,0.01953125,20,0.0012453300124533001,0.02551640340218712
64,4,periodic,800073,1,0.80859375,0.810546875,0.001953125,2,0,0.0024096385542168677
64,4,periodic,800074,1,0.7841796875,0.8046875,0.0205078125,21,0.0012453300124533001,0.02669902912621359
64,4,periodic,800075,1,0.8046875,0.8125,0.0078125,8,0,0.009615384615384616
64,4,periodic,800076,1,0.796875,0.8115234375,0.0146484375,15,0,0.018050541516245487
64,4,periodic,800077,1,0.8134765625,0.82421875,0.0107421875,11,0.0012004801920768306,0.014218009478672985
64,4,periodic,800078,1,0.7900390625,0.8056640625,0.015625,16,0.0012360939431396785,0.020606060606060607
64,4,periodic,800079,1,0.8046875,0.8056640625,0.0009765625,1,0,0.0012121212121212121
64,4,periodic,800080,1,0.7861328125,0.810546875,0.0244140625,25,0.0012422360248447205,0.03132530120481928
64,4,periodic,800081,1,0.796875,0.8017578125,0.0048828125,5,0,0.0060901339829476245
64,4,periodic,800082,1,0.8046875,0.8154296875,0.0107421875,11,0,0.013173652694610778
64,4,periodic,800083,1,0.7998046875,0.80078125,0.0009765625,1,0.001221001221001221,0.0024390243902439024
64,4,periodic,800084,1,0.8095703125,0.8125,0.0029296875,3,0.0012062726176115801,0.004807692307692308
64,4,periodic,800085,1,0.7998046875,0.80859375,0.0087890625,9,0.001221001221001221,0.012077294685990338
64,4,periodic,800086,1,0.8056640625,0.818359375,0.0126953125,13,0.0012121212121212121,0.016706443914081145
64,4,periodic,800087,1,0.796875,0.80859375,0.01171875,12,0,0.014492753623188406
64,4,periodic,800088,1,0.8173828125,0.8203125,0.0029296875,3,0.0011947431302270011,0.004761904761904762
64,4,periodic,800089,1,0.7939453125,0.8203125,0.0263671875,27,0.0012300123001230013,0.03333333333333333
64,4,periodic,800090,1,0.7900390625,0.810546875,0.0205078125,21,0.0012360939431396785,0.02650602409638554
64,4,periodic,800091,1,0.8095703125,0.8154296875,0.005859375,6,0.0012062726176115801,0.008383233532934131
64,4,periodic,800092,1,0.7841796875,0.8056640625,0.021484375,22,0.0012453300124533001,0.027878787878787878
64,4,periodic,800093,1,0.80078125,0.8046875,0.00390625,4,0,0.0048543689320388345
64,4,periodic,800094,1,0.796875,0.7998046875,0.0029296875,3,0,0.003663003663003663
64,4,periodic,800095,1,0.7900390625,0.8076171875,0.017578125,18,0.0012360939431396785,0.022974607013301087
64,4,periodic,800096,1,0.802734375,0.8134765625,0.0107421875,11,0,0.013205282112845138
64,4,periodic,800097,1,0.794921875,0.806640625,0.01171875,12,0,0.014527845036319613
64,4,periodic,800098,1,0.79296875,0.8017578125,0.0087890625,9,0,0.010962241169305725
64,4,periodic,800099,1,0.806640625,0.8125,0.005859375,6,0,0.007211538461538462
64,4,periodic,800100,1,0.78515625,0.8095703125,0.0244140625,25,0,0.030156815440289506
64,4,periodic,800101,1,0.7958984375,0.822265625,0.0263671875,27,0.001226993865030675,0.0332541567695962
64,4,periodic,800102,1,0.796875,0.8046875,0.0078125,8,0,0.009708737864077669
64,4,periodic,800103,1,0.81640625,0.8251953125,0.0087890625,9,0,0.010650887573964497
64,4,periodic,800104,1,0.806640625,0.8134765625,0.0068359375,7,0,0.008403361344537815
64,4,periodic,800105,1,0.8125,0.8154296875,0.0029296875,3,0,0.003592814371257485
64,4,periodic,800106,1,0.7998046875,0.80859375,0.0087890625,9,0.001221001221001221,0.012077294685990338
64,4,periodic,800107,1,0.806640625,0.8134765625,0.0068359375,7,0,0.008403361344537815
64,4,periodic,800108,1,0.80859375,0.8125,0.00390625,4,0,0.004807692307692308
64,4,periodic,800109,1,0.794921875,0.8115234375,0.0166015625,17,0,0.02045728038507822
64,4,periodic,800110,1,0.78515625,0.8046875,0.01953125,20,0,0.024271844660194174
64,4,periodic,800111,1,0.8154296875,0.8193359375,0.00390625,4,0.0011976047904191617,0.0059594755661501785
64,4,periodic,800112,1,0.80078125,0.814453125,0.013671875,14,0,0.016786570743405275
64,4,periodic,800113,1,0.814453125,0.81640625,0.001953125,2,0,0.0023923444976076554
64,4,periodic,800114,1,0.7890625,0.80859375,0.01953125,20,0,0.024154589371980676
64,4,periodic,800115,1,0.7978515625,0.8115234375,0.013671875,14,0.0012239902080783353,0.018050541516245487
64,4,periodic,800116,1,0.8076171875,0.8134765625,0.005859375,6,0.0012091898428053204,0.008403361344537815
64,4,periodic,800117,1,0.7958984375,0.802734375,0.0068359375,7,0.001226993865030675,0.009732360097323601
64,4,periodic,800118,1,0.8017578125,0.8046875,0.0029296875,3,0.001218026796589525,0.0048543689320388345
64,4,periodic,800119,1,0.80078125,0.80859375,0.0078125,8,0,0.00966183574879227
64,4,periodic,800120,1,0.794921875,0.80078125,0.005859375,6,0,0.007317073170731708
64,4,periodic,800121,1,0.7919921875,0.806640625,0.0146484375,15,0.0012330456226880395,0.01937046004842615
64,4,periodic,800122,1,0.8076171875,0.81640625,0.0087890625,9,0.0012091898428053204,0.011961722488038277
64,4,periodic,800123,1,0.794921875,0.810546875,0.015625,16,0,0.01927710843373494
64,4,periodic,800124,1,0.802734375,0.8076171875,0.0048828125,5,0,0.006045949214026602
64,4,periodic,800125,1,0.80859375,0.8095703125,0.0009765625,1,0,0.0012062726176115801
64,4,periodic,800126,1,0.80859375,0.8125,0.00390625,4,0,0.004807692307692308
64,4,periodic,800127,1,0.7919921875,0.796875,0.0048828125,5,0.0012330456226880395,0.007352941176470588
64,4,periodic,800128,1,0.8046875,0.8134765625,0.0087890625,9,0,0.010804321728691477
64,4,periodic,800129,1,0.80859375,0.8095703125,0.0009765625,1,0,0.0012062726176115801
64,4,periodic,800130,1,0.8056640625,0.814453125,0.0087890625,9,0.0012121212121212121,0.011990407673860911
64,4,periodic,800131,0,0.818359375,0.818359375,0,0,0,0
64,4,periodic,800132,1,0.796875,0.8115234375,0.0146484375,15,0,0.018050541516245487
64,4,periodic,800133,1,0.80859375,0.8115234375,0.0029296875,3,0,0.0036101083032490976
64,4,periodic,800134,1,0.7919921875,0.7978515625,0.005859375,6,0.0012330456226880395,0.008567931456548347
64,4,periodic,800135,1,0.798828125,0.80859375,0.009765625,10,0,0.012077294685990338
64,4,periodic,800136,1,0.7958984375,0.8076171875,0.01171875,12,0.001226993865030675,0.015719467956469165
64,4,periodic,800137,1,0.8017578125,0.810546875,0.0087890625,9,0.001218026796589525,0.012048192771084338
64,4,periodic,800138,1,0.8037109375,0.80859375,0.0048828125,5,0.001215066828675577,0.007246376811594203
64,4,periodic,800139,1,0.80078125,0.8076171875,0.0068359375,7,0,0.008464328899637243
64,4,periodic,800140,1,0.8095703125,0.8115234375,0.001953125,2,0.0012062726176115801,0.0036101083032490976
64,4,periodic,800141,1,0.8076171875,0.818359375,0.0107421875,11,0.0012091898428053204,0.014319809069212411
64,4,periodic,800142,1,0.7919921875,0.798828125,0.0068359375,7,0.0012330456226880395,0.009779951100244499
64,4,periodic,800143,1,0.7958984375,0.8037109375,0.0078125,8,0.001226993865030675,0.010935601458080195
64,4,periodic,800144,1,0.7978515625,0.8076171875,0.009765625,10,0.0012239902080783353,0.013301088270858524
64,4,periodic,800145,1,0.7900390625,0.81640625,0.0263671875,27,0.0012360939431396785,0.03349282296650718
64,4,periodic,800146,1,0.8154296875,0.818359375,0.0029296875,3,0.0011976047904191617,0.00477326968973747
64,4,periodic,800147,1,0.8125,0.8173828125,0.0048828125,5,0,0.005973715651135006
64,4,periodic,800148,1,0.7919921875,0.8076171875,0.015625,16,0.0012330456226880395,0.020556227327690448
64,4,periodic,800149,1,0.796875,0.8173828125,0.0205078125,21,0,0.025089605734767026
64,4,periodic,800150,1,0.810546875,0.818359375,0.0078125,8,0,0.00954653937947494
64,4,periodic,800151,1,0.802734375,0.8125,0.009765625,10,0,0.01201923076923077
64,4,periodic,800152,1,0.796875,0.8046875,0.0078125,8,0,0.009708737864077669
64,4,periodic,800153,1,0.7958984375,0.80078125,0.0048828125,5,0.001226993865030675,0.007317073170731708
64,4,periodic,800154,1,0.79296875,0.806640625,0.013671875,14,0,0.01694915254237288
64,4,periodic,800155,0,0.806640625,0.806640625,0,0,0,0
64,4,periodic,800156,1,0.80859375,0.81640625,0.0078125,8,0,0.009569377990430622
64,4,periodic,800157,1,0.8037109375,0.8203125,0.0166015625,17,0.001215066828675577,0.02142857142857143
64,4,periodic,800158,1,0.802734375,0.8115234375,0.0087890625,9,0,0.010830324909747292
64,4,periodic,800159,1,0.796875,0.8115234375,0.0146484375,15,0,0.018050541516245487
64,4,periodic,800160,1,0.783203125,0.7978515625,0.0146484375,15,0,0.01835985312117503
64,4,periodic,800161,1,0.7783203125,0.80078125,0.0224609375,23,0.0012547051442910915,0.02926829268292683
64,4,periodic,800162,1,0.802734375,0.8095703125,0.0068359375,7,0,0.008443908323281062
64,4,periodic,800163,1,0.8173828125,0.8193359375,0.001953125,2,0.0011947431302270011,0.003575685339690107
64,4,periodic,800164,1,0.791015625,0.806640625,0.015625,16,0,0.01937046004842615
64,4,periodic,800165,1,0.78125,0.798828125,0.017578125,18,0,0.022004889975550123
64,4,periodic,800166,1,0.7958984375,0.806640625,0.0107421875,11,0.001226993865030675,0.014527845036319613
64,4,periodic,800167,1,0.78515625,0.79296875,0.0078125,8,0,0.009852216748768473
64,4,periodic,800168,0,0.8056640625,0.8056640625,0,0,0.0012121212121212121,0.0012121212121212121
64,4,periodic,800169,1,0.81640625,0.8173828125,0.0009765625,1,0,0.0011947431302270011
64,4,periodic,800170,1,0.7880859375,0.810546875,0.0224609375,23,0.0012391573729863693,0.02891566265060241
64,4,periodic,800171,1,0.8076171875,0.810546875,0.0029296875,3,0.0012091898428053204,0.004819277108433735
64,4,periodic,800172,1,0.796875,0.8056640625,0.0087890625,9,0,0.01090909090909091
64,4,periodic,800173,1,0.79296875,0.8076171875,0.0146484375,15,0,0.018137847642079808
64,4,periodic,800174,1,0.783203125,0.802734375,0.01953125,20,0,0.024330900243309004
64,4,periodic,800175,1,0.7880859375,0.8056640625,0.017578125,18,0.0012391573729863693,0.02303030303030303
64,4,periodic,800176,1,0.822265625,0.8291015625,0.0068359375,7,0,0.008244994110718492
64,4,periodic,800177,1,0.80078125,0.8154296875,0.0146484375,15,0,0.017964071856287425
64,4,periodic,800178,1,0.78515625,0.7978515625,0.0126953125,13,0,0.01591187270501836
64,4,periodic,800179,1,0.806640625,0.8115234375,0.0048828125,5,0,0.006016847172081829
64,4,periodic,800180,1,0.7900390625,0.7958984375,0.005859375,6,0.0012360939431396785,0.008588957055214725
64,4,periodic,800181,1,0.8017578125,0.8173828125,0.015625,16,0.001218026796589525,0.02031063321385902
64,4,periodic,800182,1,0.802734375,0.8115234375,0.0087890625,9,0,0.010830324909747292
64,4,periodic,800183,1,0.8017578125,0.8173828125,0.015625,16,0.001218026796589525,0.02031063321385902
64,4,periodic,800184,0,0.8134765625,0.8134765625,0,0,0.0012004801920768306,0.0012004801920768306
64,4,periodic,800185,1,0.814453125,0.8271484375,0.0126953125,13,0,0.015348288075560802
64,4,periodic,800186,1,0.787109375,0.806640625,0.01953125,20,0,0.024213075060532687
64,4,periodic,800187,1,0.79296875,0.802734375,0.009765625,10,0,0.012165450121654502
64,4,periodic,800188,1,0.7880859375,0.8134765625,0.025390625,26,0.0012391573729863693,0.03241296518607443
64,4,periodic,800189,1,0.8134765625,0.8251953125,0.01171875,12,0.0012004801920768306,0.015384615384615385
64,4,periodic,800190,1,0.7958984375,0.8115234375,0.015625,16,0.001226993865030675,0.02045728038507822
64,4,periodic,800191,1,0.791015625,0.80859375,0.017578125,18,0,0.021739130434782608
64,4,periodic,800192,1,0.7900390625,0.806640625,0.0166015625,17,0.0012360939431396785,0.021791767554479417
64,4,periodic,800193,1,0.8134765625,0.8203125,0.0068359375,7,0.0012004801920768306,0.009523809523809525
64,4,periodic,800194,1,0.802734375,0.818359375,0.015625,16,0,0.01909307875894988
64,4,periodic,800195,1,0.794921875,0.810546875,0.015625,16,0,0.01927710843373494
64,4,periodic,800196,1,0.798828125,0.8056640625,0.0068359375,7,0,0.008484848484848486
64,4,periodic,800197,1,0.80078125,0.8076171875,0.0068359375,7,0,0.008464328899637243
64,4,periodic,800198,1,0.82421875,0.8251953125,0.0009765625,1,0,0.001183431952662722
64,4,periodic,800199,1,0.8046875,0.806640625,0.001953125,2,0,0.002421307506053269
64,4,periodic,800200,1,0.794921875,0.8046875,0.009765625,10,0,0.012135922330097087
64,4,periodic,800201,1,0.7841796875,0.8046875,0.0205078125,21,0.0012453300124533001,0.02669902912621359
64,4,periodic,800202,1,0.806640625,0.8076171875,0.0009765625,1,0,0.0012091898428053204
64,4,periodic,800203,1,0.8095703125,0.814453125,0.0048828125,5,0.0012062726176115801,0.007194244604316547
64,4,periodic,800204,1,0.8056640625,0.8154296875,0.009765625,10,0.0012121212121212121,0.013173652694610778
64,4,periodic,800205,1,0.8046875,0.806640625,0.001953125,2,0,0.002421307506053269
64,4,periodic,800206,1,0.8095703125,0.8173828125,0.0078125,8,0.0012062726176115801,0.010752688172043012
64,4,periodic,800207,1,0.7919921875,0.8056640625,0.013671875,14,0.0012330456226880395,0.01818181818181818
64,4,periodic,800208,1,0.810546875,0.8154296875,0.0048828125,5,0,0.005988023952095809
64,4,periodic,800209,1,0.794921875,0.8037109375,0.0087890625,9,0,0.010935601458080195
64,4,periodic,800210,1,0.7998046875,0.8125,0.0126953125,13,0.001221001221001221,0.016826923076923076
64,4,periodic,800211,0,0.8232421875,0.8232421875,0,0,0.0011862396204033216,0.0011862396204033216
64,4,periodic,800212,1,0.81640625,0.8203125,0.00390625,4,0,0.004761904761904762
64,4,periodic,800213,1,0.8037109375,0.810546875,0.0068359375,7,0.001215066828675577,0.00963855421686747
64,4,periodic,800214,1,0.8037109375,0.8134765625,0.009765625,10,0.001215066828675577,0.013205282112845138
64,4,periodic,800215,0,0.8037109375,0.8037109375,0,0,0.001215066828675577,0.001215066828675577
64,4,periodic,800216,0,0.8212890625,0.8212890625,0,0,0.0011890606420927466,0.0011890606420927466
64,4,periodic,800217,1,0.8037109375,0.8134765625,0.009765625,10,0.001215066828675577,0.013205282112845138
64,4,periodic,800218,1,0.8076171875,0.8134765625,0.005859375,6,0.0012091898428053204,0.008403361344537815
64,4,periodic,800219,1,0.8173828125,0.8193359375,0.001953125,2,0.0011947431302270011,0.003575685339690107
64,4,periodic,800220,1,0.802734375,0.814453125,0.01171875,12,0,0.014388489208633094
64,4,periodic,800221,1,0.7900390625,0.8291015625,0.0390625,40,0.0012360939431396785,0.048292108362779744
64,4,periodic,800222,1,0.796875,0.818359375,0.021484375,22,0,0.026252983293556086
64,4,periodic,800223,1,0.8115234375,0.8291015625,0.017578125,18,0.0012033694344163659,0.02237926972909305
64,4,periodic,800224,1,0.7978515625,0.8193359375,0.021484375,22,0.0012239902080783353,0.027413587604290822
64,4,periodic,800225,1,0.796875,0.8046875,0.0078125,8,0,0.009708737864077669
64,4,periodic,800226,1,0.8056640625,0.814453125,0.0087890625,9,0.0012121212121212121,0.011990407673860911
64,4,periodic,800227,1,0.8056640625,0.8076171875,0.001953125,2,0.0012121212121212121,0.0036275695284159614
64,4,periodic,800228,1,0.8115234375,0.8154296875,0.00390625,4,0.0012033694344163659,0.005988023952095809
64,4,periodic,800229,1,0.810546875,0.8125,0.001953125,2,0,0.002403846153846154
64,4,periodic,800230,1,0.7900390625,0.798828125,0.0087890625,9,0.0012360939431396785,0.012224938875305624
64,4,periodic,800231,1,0.8134765625,0.8271484375,0.013671875,14,0.0012004801920768306,0.01770956316410862
64,4,periodic,800232,1,0.79296875,0.80859375,0.015625,16,0,0.01932367149758454
64,4,periodic,800233,1,0.802734375,0.8076171875,0.0048828125,5,0,0.006045949214026602
64,4,periodic,800234,1,0.798828125,0.8037109375,0.0048828125,5,0,0.006075334143377886
64,4,periodic,800235,1,0.802734375,0.810546875,0.0078125,8,0,0.00963855421686747
64,4,periodic,800236,1,0.767578125,0.8037109375,0.0361328125,37,0,0.04495747266099635
64,4,periodic,800237,1,0.7919921875,0.8095703125,0.017578125,18,0.0012330456226880395,0.022919179734620022
64,4,periodic,800238,1,0.79296875,0.802734375,0.009765625,10,0,0.012165450121654502
64,4,periodic,800239,1,0.79296875,0.8193359375,0.0263671875,27,0,0.03218116805721097
64,4,periodic,800240,1,0.7978515625,0.8095703125,0.01171875,12,0.0012239902080783353,0.015681544028950542
64,4,periodic,800241,1,0.802734375,0.8154296875,0.0126953125,13,0,0.015568862275449102
64,4,periodic,800242,1,0.8056640625,0.806640625,0.0009765625,1,0.0012121212121212121,0.002421307506053269
64,4,periodic,800243,1,0.8046875,0.8154296875,0.0107421875,11,0,0.013173652694610778
64,4,periodic,800244,1,0.810546875,0.8203125,0.009765625,10,0,0.011904761904761904
64,4,periodic,800245,1,0.7978515625,0.8173828125,0.01953125,20,0.0012239902080783353,0.025089605734767026
64,4,periodic,800246,1,0.794921875,0.8056640625,0.0107421875,11,0,0.013333333333333334
64,4,periodic,800247,0,0.8125,0.8125,0,0,0,0
64,4,periodic,800248,1,0.7763671875,0.7958984375,0.01953125,20,0.0012578616352201257,0.025766871165644172
64,4,periodic,800249,1,0.79296875,0.80859375,0.015625,16,0,0.01932367149758454
64,4,periodic,800250,1,0.787109375,0.80078125,0.013671875,14,0,0.01707317073170732
64,4,periodic,800251,1,0.802734375,0.80859375,0.005859375,6,0,0.007246376811594203
64,4,periodic,800252,1,0.794921875,0.8095703125,0.0146484375,15,0,0.018094089264173704
64,4,periodic,800253,1,0.8203125,0.8212890625,0.0009765625,1,0,0.0011890606420927466
64,4,periodic,800254,1,0.7802734375,0.810546875,0.0302734375,31,0.0012515644555694619,0.03855421686746988
64,4,periodic,800255,1,0.8076171875,0.8115234375,0.00390625,4,0.0012091898428053204,0.006016847172081829
64,4,periodic,800256,1,0.8037109375,0.8046875,0.0009765625,1,0.001215066828675577,0.0024271844660194173
64,8,periodic,800001,1,0.736328125,0.75,0.013671875,7,0.002652519893899204,0.020833333333333332
64,8,periodic,800002,0,0.755859375,0.755859375,0,0,0.002583979328165375,0.002583979328165375
64,8,periodic,800003,1,0.69921875,0.748046875,0.048828125,25,0,0.06527415143603134
64,8,periodic,800004,1,0.744140625,0.748046875,0.00390625,2,0.0026246719160104987,0.007832898172323759
64,8,periodic,800005,1,0.708984375,0.71484375,0.005859375,3,0.0027548209366391185,0.01092896174863388
64,8,periodic,800006,1,0.7421875,0.7734375,0.03125,16,0,0.04040404040404041
64,8,periodic,800007,1,0.71484375,0.73046875,0.015625,8,0,0.0213903743315508
64,8,periodic,800008,1,0.76171875,0.775390625,0.013671875,7,0,0.017632241813602016
64,8,periodic,800009,1,0.703125,0.72265625,0.01953125,10,0,0.02702702702702703
64,8,periodic,800010,1,0.728515625,0.759765625,0.03125,16,0.002680965147453083,0.043701799485861184
64,8,periodic,800011,1,0.720703125,0.7578125,0.037109375,19,0.0027100271002710027,0.05154639175257732
64,8,periodic,800012,1,0.66015625,0.748046875,0.087890625,45,0,0.1174934725848564
64,8,periodic,800013,1,0.73046875,0.7734375,0.04296875,22,0,0.05555555555555555
64,8,periodic,800014,1,0.755859375,0.767578125,0.01171875,6,0.002583979328165375,0.017811704834605598
64,8,periodic,800015,1,0.6796875,0.7109375,0.03125,16,0,0.04395604395604396
64,8,periodic,800016,1,0.7265625,0.74609375,0.01953125,10,0,0.02617801047120419
64,8,periodic,800017,1,0.72265625,0.7421875,0.01953125,10,0,0.02631578947368421
64,8,periodic,800018,1,0.751953125,0.759765625,0.0078125,4,0.0025974025974025974,0.012853470437017995
64,8,periodic,800019,1,0.705078125,0.74609375,0.041015625,21,0.002770083102493075,0.05759162303664921
64,8,periodic,800020,1,0.744140625,0.74609375,0.001953125,1,0.0026246719160104987,0.005235602094240838
64,8,periodic,800021,1,0.724609375,0.748046875,0.0234375,12,0.0026954177897574125,0.033942558746736295
64,8,periodic,800022,1,0.728515625,0.748046875,0.01953125,10,0.002680965147453083,0.028720626631853787
64,8,periodic,800023,1,0.734375,0.748046875,0.013671875,7,0,0.018276762402088774
64,8,periodic,800024,1,0.728515625,0.775390625,0.046875,24,0.002680965147453083,0.06297229219143577
64,8,periodic,800025,1,0.72265625,0.734375,0.01171875,6,0,0.015957446808510637
64,8,periodic,800026,1,0.740234375,0.75,0.009765625,5,0.002638522427440633,0.015625
64,8,periodic,800027,1,0.73828125,0.744140625,0.005859375,3,0,0.007874015748031496
64,8,periodic,800028,1,0.74609375,0.75390625,0.0078125,4,0,0.010362694300518135
64,8,periodic,800029,1,0.685546875,0.744140625,0.05859375,30,0.002849002849002849,0.08136482939632546
64,8,periodic,800030,1,0.740234375,0.748046875,0.0078125,4,0.002638522427440633,0.013054830287206266
64,8,periodic,800031,1,0.689453125,0.740234375,0.05078125,26,0.0028328611898017,0.0712401055408971
64,8,periodic,800032,1,0.748046875,0.765625,0.017578125,9,0.0026109660574412533,0.025510204081632654
64,8,periodic,800033,1,0.716796875,0.75390625,0.037109375,19,0.0027247956403269754,0.05181347150259067
64,8,periodic,800034,1,0.716796875,0.73046875,0.013671875,7,0.0027247956403269754,0.0213903743315508
64,8,periodic,800035,1,0.71484375,0.724609375,0.009765625,5,0,0.013477088948787063
64,8,periodic,800036,0,0.759765625,0.759765625,0,0,0.002570694087403599,0.002570694087403599
64,8,periodic,800037,1,0.720703125,0.75390625,0.033203125,17,0.0027100271002710027,0.046632124352331605
64,8,periodic,800038,1,0.732421875,0.767578125,0.03515625,18,0.0026666666666666666,0.04834605597964377
64,8,periodic,800039,1,0.724609375,0.765625,0.041015625,21,0.0026954177897574125,0.05612244897959184
64,8,periodic,800040,1,0.7109375,0.755859375,0.044921875,23,0,0.059431524547803614
64,8,periodic,800041,1,0.732421875,0.7421875,0.009765625,5,0.0026666666666666666,0.015789473684210527
64,8,periodic,800042,1,0.736328125,0.744140625,0.0078125,4,0.002652519893899204,0.013123359580052493
64,8,periodic,800043,1,0.72265625,0.74609375,0.0234375,12,0,0.031413612565445025
64,8,periodic,800044,1,0.740234375,0.74609375,0.005859375,3,0.002638522427440633,0.010471204188481676
64,8,periodic,800045,1,0.662109375,0.7421875,0.080078125,41,0.0029498525073746312,0.11052631578947368
64,8,periodic,800046,1,0.734375,0.751953125,0.017578125,9,0,0.023376623376623377
64,8,periodic,800047,1,0.7421875,0.759765625,0.017578125,9,0,0.02313624678663239
64,8,periodic,800048,1,0.6875,0.7265625,0.0390625,20,0,0.053763440860215055
64,8,periodic,800049,1,0.677734375,0.732421875,0.0546875,28,0.002881844380403458,0.07733333333333334
64,8,periodic,800050,1,0.734375,0.744140625,0.009765625,5,0,0.013123359580052493
64,8,periodic,800051,1,0.751953125,0.75390625,0.001953125,1,0.0025974025974025974,0.0051813471502590676
64,8,periodic,800052,1,0.708984375,0.751953125,0.04296875,22,0.0027548209366391185,0.05974025974025974
64,8,periodic,800053,1,0.75,0.767578125,0.017578125,9,0,0.022900763358778626
64,8,periodic,800054,1,0.71875,0.74609375,0.02734375,14,0,0.03664921465968586
64,8,periodic,800055,1,0.736328125,0.755859375,0.01953125,10,0.002652519893899204,0.028423772609819122
64,8,periodic,800056,1,0.708984375,0.755859375,0.046875,24,0.0027548209366391185,0.06459948320413436
64,8,periodic,800057,1,0.75,0.76171875,0.01171875,6,0,0.015384615384615385
64,8,periodic,800058,1,0.740234375,0.748046875,0.0078125,4,0.002638522427440633,0.013054830287206266
64,8,periodic,800059,1,0.732421875,0.744140625,0.01171875,6,0.0026666666666666666,0.01837270341207349
64,8,periodic,800060,1,0.73046875,0.75,0.01953125,10,0,0.026041666666666668
64,8,periodic,800061,1,0.708984375,0.7421875,0.033203125,17,0.0027548209366391185,0.04736842105263158
64,8,periodic,800062,1,0.7265625,0.748046875,0.021484375,11,0,0.028720626631853787
64,8,periodic,800063,1,0.7109375,0.75390625,0.04296875,22,0,0.05699481865284974
64,8,periodic,800064,0,0.751953125,0.751953125,0,0,0.0025974025974025974,0.0025974025974025974
64,8,periodic,800065,1,0.701171875,0.724609375,0.0234375,12,0.002785515320334262,0.03504043126684636
64,8,periodic,800066,1,0.703125,0.732421875,0.029296875,15,0,0.04
64,8,periodic,800067,1,0.72265625,0.736328125,0.013671875,7,0,0.01856763925729443
64,8,periodic,800068,1,0.74609375,0.7578125,0.01171875,6,0,0.015463917525773196
64,8,periodic,800069,1,0.755859375,0.7734375,0.017578125,9,0.002583979328165375,0.025252525252525252
64,8,periodic,800070,1,0.716796875,0.75,0.033203125,17,0.0027247956403269754,0.046875
64,8,periodic,800071,1,0.75,0.767578125,0.017578125,9,0,0.022900763358778626
64,8,periodic,800072,1,0.751953125,0.755859375,0.00390625,2,0.0025974025974025974,0.007751937984496124
64,8,periodic,800073,1,0.724609375,0.74609375,0.021484375,11,0.0026954177897574125,0.031413612565445025
64,8,periodic,800074,1,0.734375,0.748046875,0.013671875,7,0,0.018276762402088774
64,8,periodic,800075,1,0.689453125,0.740234375,0.05078125,26,0.0028328611898017,0.0712401055408971
64,8,periodic,800076,1,0.734375,0.765625,0.03125,16,0,0.04081632653061224
64,8,periodic,800077,1,0.740234375,0.748046875,0.0078125,4,0.002638522427440633,0.013054830287206266
64,8,periodic,800078,1,0.7265625,0.732421875,0.005859375,3,0,0.008
64,8,periodic,800079,1,0.6953125,0.73046875,0.03515625,18,0,0.0481283422459893
64,8,periodic,800080,1,0.734375,0.740234375,0.005859375,3,0,0.0079155672823219
64,8,periodic,800081,1,0.744140625,0.75,0.005859375,3,0.0026246719160104987,0.010416666666666666
64,8,periodic,800082,1,0.720703125,0.759765625,0.0390625,20,0.0027100271002710027,0.05398457583547558
64,8,periodic,800083,1,0.708984375,0.75390625,0.044921875,23,0.0027548209366391185,0.06217616580310881
64,8,periodic,800084,1,0.7265625,0.771484375,0.044921875,23,0,0.05822784810126582
64,8,periodic,800085,1,0.6796875,0.74609375,0.06640625,34,0,0.08900523560209424
64,8,periodic,800086,1,0.744140625,0.751953125,0.0078125,4,0.0026246719160104987,0.012987012987012988
64,8,periodic,800087,0,0.72265625,0.72265625,0,0,0,0
64,8,periodic,800088,1,0.708984375,0.71875,0.009765625,5,0.0027548209366391185,0.016304347826086956
64,8,periodic,800089,1,0.7265625,0.734375,0.0078125,4,0,0.010638297872340425
64,8,periodic,800090,1,0.744140625,0.763671875,0.01953125,10,0.0026246719160104987,0.028132992327365727
64,8,periodic,800091,1,0.71875,0.7421875,0.0234375,12,0,0.031578947368421054
64,8,periodic,800092,0,0.75,0.75,0,0,0,0
64,8,periodic,800093,1,0.6953125,0.7265625,0.03125,16,0,0.043010752688172046
64,8,periodic,800094,1,0.720703125,0.744140625,0.0234375,12,0.0027100271002710027,0.03412073490813648
64,8,periodic,800095,1,0.736328125,0.751953125,0.015625,8,0.002652519893899204,0.023376623376623377
64,8,periodic,800096,0,0.736328125,0.736328125,0,0,0.002652519893899204,0.002652519893899204
64,8,periodic,800097,1,0.720703125,0.75390625,0.033203125,17,0.0027100271002710027,0.046632124352331605
64,8,periodic,800098,1,0.73828125,0.744140625,0.005859375,3,0,0.007874015748031496
64,8,periodic,800099,1,0.734375,0.74609375,0.01171875,6,0,0.015706806282722512
64,8,periodic,800100,1,0.732421875,0.7421875,0.009765625,5,0.0026666666666666666,0.015789473684210527
64,8,periodic,800101,0,0.73828125,0.73828125,0,0,0,0
64,8,periodic,800102,1,0.73828125,0.759765625,0.021484375,11,0,0.028277634961439587
64,8,periodic,800103,1,0.71875,0.7421875,0.0234375,12,0,0.031578947368421054
64,8,periodic,800104,0,0.75,0.75,0,0,0,0
64,8,periodic,800105,1,0.748046875,0.759765625,0.01171875,6,0.0026109660574412533,0.017994858611825194
64,8,periodic,800106,1,0.724609375,0.73828125,0.013671875,7,0.0026954177897574125,0.021164021164021163
64,8,periodic,800107,1,0.744140625,0.755859375,0.01171875,6,0.0026246719160104987,0.01808785529715762
64,8,periodic,800108,1,0.7421875,0.74609375,0.00390625,2,0,0.005235602094240838
64,8,periodic,800109,1,0.712890625,0.751953125,0.0390625,20,0.0027397260273972603,0.05454545454545454
64,8,periodic,800110,1,0.728515625,0.740234375,0.01171875,6,0.002680965147453083,0.018469656992084433
64,8,periodic,800111,1,0.705078125,0.736328125,0.03125,16,0.002770083102493075,0.04509283819628647
64,8,periodic,800112,1,0.73828125,0.7421875,0.00390625,2,0,0.005263157894736842
64,8,periodic,800113,1,0.7109375,0.728515625,0.017578125,9,0,0.024128686327077747
64,8,periodic,800114,1,0.75,0.755859375,0.005859375,3,0,0.007751937984496124
64,8,periodic,800115,1,0.697265625,0.75,0.052734375,27,0.0028011204481792717,0.07291666666666667
64,8,periodic,800116,1,0.75,0.76171875,0.01171875,6,0,0.015384615384615385
64,8,periodic,800117,1,0.736328125,0.7421875,0.005859375,3,0.002652519893899204,0.010526315789473684
64,8,periodic,800118,1,0.73046875,0.771484375,0.041015625,21,0,0.053164556962025315
64,8,periodic,800119,0,0.7578125,0.7578125,0,0,0,0
64,8,periodic,800120,1,0.736328125,0.73828125,0.001953125,1,0.002652519893899204,0.005291005291005291
64,8,periodic,800121,1,0.740234375,0.74609375,0.005859375,3,0.002638522427440633,0.010471204188481676
64,8,periodic,800122,1,0.744140625,0.75,0.005859375,3,0.0026246719160104987,0.010416666666666666
64,8,periodic,800123,1,0.671875,0.740234375,0.068359375,35,0,0.09234828496042216
64,8,periodic,800124,1,0.701171875,0.755859375,0.0546875,28,0.002785515320334262,0.07493540051679587
64,8,periodic,800125,1,0.681640625,0.7578125,0.076171875,39,0.0028653295128939827,0.10309278350515463
64,8,periodic,800126,1,0.716796875,0.765625,0.048828125,25,0.0027247956403269754,0.0663265306122449
64,8,periodic,800127,1,0.7109375,0.763671875,0.052734375,27,0,0.06905370843989769
64,8,periodic,800128,1,0.7109375,0.73046875,0.01953125,10,0,0.026737967914438502
64,8,periodic,800129,1,0.716796875,0.7578125,0.041015625,21,0.0027247956403269754,0.05670103092783505
64,8,periodic,800130,1,0.73046875,0.74609375,0.015625,8,0,0.020942408376963352
64,8,periodic,800131,0,0.76171875,0.76171875,0,0,0,0
64,8,periodic,800132,0,0.73828125,0.73828125,0,0,0,0
64,8,periodic,800133,1,0.7265625,0.767578125,0.041015625,21,0,0.05343511450381679
64,8,periodic,800134,0,0.73828125,0.73828125,0,0,0,0
64,8,periodic,800135,1,0.708984375,0.736328125,0.02734375,14,0.0027548209366391185,0.03978779840848806
64,8,periodic,800136,0,0.759765625,0.759765625,0,0,0.002570694087403599,0.002570694087403599
64,8,periodic,800137,1,0.708984375,0.74609375,0.037109375,19,0.0027548209366391185,0.05235602094240838
64,8,periodic,800138,1,0.71484375,0.75,0.03515625,18,0,0.046875
64,8,periodic,800139,1,0.72265625,0.732421875,0.009765625,5,0,0.013333333333333334
64,8,periodic,800140,1,0.7421875,0.755859375,0.013671875,7,0,0.01808785529715762
64,8,periodic,800141,1,0.716796875,0.73828125,0.021484375,11,0.0027247956403269754,0.031746031746031744
64,8,periodic,800142,1,0.736328125,0.7578125,0.021484375,11,0.002652519893899204,0.030927835051546393
64,8,periodic,800143,1,0.751953125,0.755859375,0.00390625,2,0.0025974025974025974,0.007751937984496124
64,8,periodic,800144,1,0.73046875,0.748046875,0.017578125,9,0,0.02349869451697128
64,8,periodic,800145,1,0.748046875,0.751953125,0.00390625,2,0.0026109660574412533,0.007792207792207792
64,8,periodic,800146,1,0.705078125,0.76953125,0.064453125,33,0.002770083102493075,0.08629441624365482
64,8,periodic,800147,1,0.763671875,0.779296875,0.015625,8,0.0025575447570332483,0.022556390977443608
64,8,periodic,800148,1,0.740234375,0.75390625,0.013671875,7,0.002638522427440633,0.02072538860103627
64,8,periodic,800149,1,0.728515625,0.75,0.021484375,11,0.002680965147453083,0.03125
64,8,periodic,800150,1,0.75,0.755859375,0.005859375,3,0,0.007751937984496124
64,8,periodic,800151,1,0.72265625,0.751953125,0.029296875,15,0,0.03896103896103896
64,8,periodic,800152,1,0.74609375,0.759765625,0.013671875,7,0,0.017994858611825194
64,8,periodic,800153,1,0.73046875,0.74609375,0.015625,8,0,0.020942408376963352
64,8,periodic,800154,1,0.7109375,0.734375,0.0234375,12,0,0.031914893617021274
64,8,periodic,800155,1,0.73828125,0.7734375,0.03515625,18,0,0.045454545454545456
64,8,periodic,800156,1,0.6953125,0.744140625,0.048828125,25,0,0.06561679790026247
64,8,periodic,800157,1,0.69140625,0.775390625,0.083984375,43,0,0.10831234256926953
64,8,periodic,800158,1,0.73046875,0.751953125,0.021484375,11,0,0.02857142857142857
64,8,periodic,800159,0,0.75390625,0.75390625,0,0,0,0
64,8,periodic,800160,1,0.748046875,0.751953125,0.00390625,2,0.0026109660574412533,0.007792207792207792
64,8,periodic,800161,0,0.744140625,0.744140625,0,0,0.0026246719160104987,0.0026246719160104987
64,8,periodic,800162,1,0.75,0.751953125,0.001953125,1,0,0.0025974025974025974
64,8,periodic,800163,1,0.720703125,0.759765625,0.0390625,20,0.0027100271002710027,0.05398457583547558
64,8,periodic,800164,1,0.69921875,0.76171875,0.0625,32,0,0.08205128205128205
64,8,periodic,800165,1,0.7265625,0.744140625,0.017578125,9,0,0.023622047244094488
64,8,periodic,800166,1,0.6875,0.751953125,0.064453125,33,0,0.08571428571428572
64,8,periodic,800167,1,0.7265625,0.751953125,0.025390625,13,0,0.033766233766233764
64,8,periodic,800168,1,0.751953125,0.755859375,0.00390625,2,0.0025974025974025974,0.007751937984496124
64,8,periodic,800169,1,0.734375,0.751953125,0.017578125,9,0,0.023376623376623377
64,8,periodic,800170,1,0.732421875,0.74609375,0.013671875,7,0.0026666666666666666,0.020942408376963352
64,8,periodic,800171,1,0.748046875,0.755859375,0.0078125,4,0.0026109660574412533,0.012919896640826873
64,8,periodic,800172,1,0.705078125,0.7421875,0.037109375,19,0.002770083102493075,0.05263157894736842
64,8,periodic,800173,1,0.736328125,0.7421875,0.005859375,3,0.002652519893899204,0.010526315789473684
64,8,periodic,800174,1,0.7578125,0.76171875,0.00390625,2,0,0.005128205128205128
64,8,periodic,800175,1,0.728515625,0.755859375,0.02734375,14,0.002680965147453083,0.03875968992248062
64,8,periodic,800176,1,0.744140625,0.751953125,0.0078125,4,0.0026246719160104987,0.012987012987012988
64,8,periodic,800177,1,0.68359375,0.73828125,0.0546875,28,0,0.07407407407407407
64,8,periodic,800178,1,0.75390625,0.7578125,0.00390625,2,0,0.005154639175257732
64,8,periodic,800179,1,0.732421875,0.74609375,0.013671875,7,0.0026666666666666666,0.020942408376963352
64,8,periodic,800180,1,0.72265625,0.734375,0.01171875,6,0,0.015957446808510637
64,8,periodic,800181,1,0.7109375,0.74609375,0.03515625,18,0,0.04712041884816754
64,8,periodic,800182,1,0.740234375,0.748046875,0.0078125,4,0.002638522427440633,0.013054830287206266
64,8,periodic,800183,1,0.697265625,0.75,0.052734375,27,0.0028011204481792717,0.07291666666666667
64,8,periodic,800184,1,0.720703125,0.73828125,0.017578125,9,0.0027100271002710027,0.026455026455026454
64,8,periodic,800185,1,0.708984375,0.744140625,0.03515625,18,0.0027548209366391185,0.049868766404199474
64,8,periodic,800186,1,0.666015625,0.7421875,0.076171875,39,0.002932551319648094,0.10526315789473684
64,8,periodic,800187,1,0.689453125,0.7265625,0.037109375,19,0.0028328611898017,0.053763440860215055
64,8,periodic,800188,1,0.720703125,0.75,0.029296875,15,0.0027100271002710027,0.041666666666666664
64,8,periodic,800189,1,0.734375,0.73828125,0.00390625,2,0,0.005291005291005291
64,8,periodic,800190,1,0.740234375,0.748046875,0.0078125,4,0.002638522427440633,0.013054830287206266
64,8,periodic,800191,1,0.73046875,0.736328125,0.005859375,3,0,0.007957559681697613
64,8,periodic,800192,1,0.724609375,0.740234375,0.015625,8,0.0026954177897574125,0.023746701846965697
64,8,periodic,800193,1,0.712890625,0.7578125,0.044921875,23,0.0027397260273972603,0.061855670103092786
64,8,periodic,800194,1,0.74609375,0.75,0.00390625,2,0,0.005208333333333333
64,8,periodic,800195,1,0.689453125,0.73828125,0.048828125,25,0.0028328611898017,0.06878306878306878
64,8,periodic,800196,1,0.73828125,0.751953125,0.013671875,7,0,0.01818181818181818
64,8,periodic,800197,1,0.73828125,0.751953125,0.013671875,7,0,0.01818181818181818
64,8,periodic,800198,0,0.734375,0.734375,0,0,0,0
64,8,periodic,800199,1,0.736328125,0.748046875,0.01171875,6,0.002652519893899204,0.018276762402088774
64,8,periodic,800200,1,0.669921875,0.736328125,0.06640625,34,0.0029154518950437317,0.09283819628647215
64,8,periodic,800201,1,0.689453125,0.75,0.060546875,31,0.0028328611898017,0.08333333333333333
64,8,periodic,800202,1,0.701171875,0.71875,0.017578125,9,0.002785515320334262,0.02717391304347826
64,8,periodic,800203,1,0.720703125,0.7421875,0.021484375,11,0.0027100271002710027,0.031578947368421054
64,8,periodic,800204,1,0.736328125,0.748046875,0.01171875,6,0.002652519893899204,0.018276762402088774
64,8,periodic,800205,1,0.701171875,0.751953125,0.05078125,26,0.002785515320334262,0.07012987012987013
64,8,periodic,800206,1,0.685546875,0.75,0.064453125,33,0.002849002849002849,0.08854166666666667
64,8,periodic,800207,1,0.71875,0.736328125,0.017578125,9,0,0.023872679045092837
64,8,periodic,800208,1,0.755859375,0.76953125,0.013671875,7,0.002583979328165375,0.02030456852791878
64,8,periodic,800209,1,0.6640625,0.724609375,0.060546875,31,0,0.08355795148247978
64,8,periodic,800210,1,0.740234375,0.7578125,0.017578125,9,0.002638522427440633,0.02577319587628866
64,8,periodic,800211,1,0.716796875,0.74609375,0.029296875,15,0.0027247956403269754,0.041884816753926704
64,8,periodic,800212,1,0.751953125,0.7734375,0.021484375,11,0.0025974025974025974,0.030303030303030304
64,8,periodic,800213,1,0.74609375,0.7578125,0.01171875,6,0,0.015463917525773196
64,8,periodic,800214,1,0.73046875,0.75390625,0.0234375,12,0,0.031088082901554404
64,8,periodic,800215,1,0.720703125,0.724609375,0.00390625,2,0.0027100271002710027,0.008086253369272238
64,8,periodic,800216,1,0.720703125,0.75,0.029296875,15,0.0027100271002710027,0.041666666666666664
64,8,periodic,800217,1,0.732421875,0.75390625,0.021484375,11,0.0026666666666666666,0.031088082901554404
64,8,periodic,800218,1,0.728515625,0.740234375,0.01171875,6,0.002680965147453083,0.018469656992084433
64,8,periodic,800219,0,0.75,0.75,0,0,0,0
64,8,periodic,800220,1,0.759765625,0.763671875,0.00390625,2,0.002570694087403599,0.0076726342710997444
64,8,periodic,800221,1,0.673828125,0.736328125,0.0625,32,0.002898550724637681,0.08753315649867374
64,8,periodic,800222,1,0.72265625,0.75390625,0.03125,16,0,0.04145077720207254
64,8,periodic,800223,1,0.68359375,0.75,0.06640625,34,0,0.08854166666666667
64,8,periodic,800224,1,0.7109375,0.75,0.0390625,20,0,0.052083333333333336
64,8,periodic,800225,1,0.736328125,0.775390625,0.0390625,20,0.002652519893899204,0.05289672544080604
64,8,periodic,800226,1,0.705078125,0.74609375,0.041015625,21,0.002770083102493075,0.05759162303664921
64,8,periodic,800227,1,0.73828125,0.744140625,0.005859375,3,0,0.007874015748031496
64,8,periodic,800228,1,0.72265625,0.74609375,0.0234375,12,0,0.031413612565445025
64,8,periodic,800229,0,0.75,0.75,0,0,0,0
64,8,periodic,800230,1,0.73046875,0.755859375,0.025390625,13,0,0.03359173126614987
64,8,periodic,800231,1,0.703125,0.736328125,0.033203125,17,0,0.04509283819628647
64,8,periodic,800232,1,0.7421875,0.767578125,0.025390625,13,0,0.03307888040712468
64,8,periodic,800233,1,0.728515625,0.75390625,0.025390625,13,0.002680965147453083,0.03626943005181347
64,8,periodic,800234,1,0.74609375,0.755859375,0.009765625,5,0,0.012919896640826873
64,8,periodic,800235,1,0.71875,0.759765625,0.041015625,21,0,0.05398457583547558
64,8,periodic,800236,1,0.728515625,0.755859375,0.02734375,14,0.002680965147453083,0.03875968992248062
64,8,periodic,800237,1,0.74609375,0.763671875,0.017578125,9,0,0.023017902813299233
64,8,periodic,800238,1,0.73046875,0.744140625,0.013671875,7,0,0.01837270341207349
64,8,periodic,800239,1,0.732421875,0.744140625,0.01171875,6,0.0026666666666666666,0.01837270341207349
64,8,periodic,800240,1,0.728515625,0.7421875,0.013671875,7,0.002680965147453083,0.021052631578947368
64,8,periodic,800241,1,0.75,0.759765625,0.009765625,5,0,0.012853470437017995
64,8,periodic,800242,1,0.716796875,0.751953125,0.03515625,18,0.0027247956403269754,0.04935064935064935
64,8,periodic,800243,1,0.7265625,0.736328125,0.009765625,5,0,0.013262599469496022
64,8,periodic,800244,1,0.6875,0.7421875,0.0546875,28,0,0.07368421052631578
64,8,periodic,800245,1,0.658203125,0.732421875,0.07421875,38,0.002967359050445104,0.104
64,8,periodic,800246,0,0.7421875,0.7421875,0,0,0,0
64,8,periodic,800247,1,0.712890625,0.755859375,0.04296875,22,0.0027397260273972603,0.059431524547803614
64,8,periodic,800248,1,0.716796875,0.7265625,0.009765625,5,0.0027247956403269754,0.016129032258064516
64,8,periodic,800249,1,0.728515625,0.748046875,0.01953125,10,0.002680965147453083,0.028720626631853787
64,8,periodic,800250,1,0.6796875,0.72265625,0.04296875,22,0,0.05945945945945946
64,8,periodic,800251,1,0.73046875,0.736328125,0.005859375,3,0,0.007957559681697613
64,8,periodic,800252,1,0.720703125,0.75390625,0.033203125,17,0.0027100271002710027,0.046632124352331605
64,8,periodic,800253,1,0.70703125,0.7578125,0.05078125,26,0,0.06701030927835051
64,8,periodic,800254,1,0.708984375,0.744140625,0.03515625,18,0.0027548209366391185,0.049868766404199474
64,8,periodic,800255,1,0.6875,0.74609375,0.05859375,30,0,0.07853403141361257
64,8,periodic,800256,1,0.705078125,0.732421875,0.02734375,14,0.002770083102493075,0.04
